ConformationTimeStamp,ITQ_Value 7,ITQ_Value 11,ITQ_Value 35,ITQ_Value 63,ActiveBinding
adrb2_000000,NA,NA,NA,NA,NA
adrb2_000200,2,3,(39),(84),Y
adrb2_000400,NA,NA,NA,NA,NA
adrb2_000600,NA,NA,NA,NA,NA
adrb2_000800,NA,NA,NA,NA,NA
adrb2_001200,NA,NA,NA,NA,NA
adrb2_001400,2,2,18,(64),Y
adrb2_001600,NA,NA,NA,NA,NA
adrb2_001800,NA,NA,NA,NA,NA
adrb2_002000,1,5,(45),(69),Y
adrb2_002200,NA,NA,NA,NA,NA
adrb2_002400,NA,NA,NA,NA,NA
adrb2_002600,NA,NA,NA,NA,NA
adrb2_002800,NA,NA,NA,NA,NA
adrb2_003000,NA,NA,NA,NA,NA
adrb2_003200,NA,NA,NA,NA,NA
adrb2_003400,NA,NA,NA,NA,NA
adrb2_003600,NA,NA,NA,NA,NA
adrb2_003800,NA,NA,NA,NA,NA
adrb2_004000,NA,NA,NA,NA,NA
adrb2_004200,NA,NA,NA,NA,NA
adrb2_004400,NA,NA,NA,NA,NA
adrb2_004600,NA,NA,NA,NA,NA
adrb2_004800,NA,NA,NA,NA,NA
adrb2_005000,NA,NA,NA,NA,NA
adrb2_005200,NA,NA,NA,NA,NA
adrb2_005400,NA,NA,NA,NA,NA
adrb2_005600,NA,NA,NA,NA,NA
adrb2_005800,NA,NA,NA,NA,NA
adrb2_006000,NA,NA,NA,NA,NA
adrb2_006200,NA,NA,NA,NA,NA
adrb2_006400,NA,NA,NA,NA,NA
adrb2_006600,NA,NA,NA,NA,NA
adrb2_006800,NA,NA,NA,NA,NA
adrb2_007000,NA,NA,NA,NA,NA
adrb2_007200,NA,NA,NA,NA,NA
adrb2_007400,NA,NA,NA,NA,NA
adrb2_007600,NA,NA,NA,NA,NA
adrb2_007800,NA,NA,NA,NA,NA
adrb2_008000,NA,NA,NA,NA,NA
adrb2_008200,NA,NA,NA,NA,NA
adrb2_008400,NA,NA,NA,NA,NA
adrb2_008600,NA,NA,NA,NA,NA
adrb2_008800,0,3,(42),(69),Y
adrb2_009000,NA,NA,NA,NA,NA
adrb2_009200,NA,NA,NA,NA,NA
adrb2_009400,NA,NA,NA,NA,NA
adrb2_009600,NA,NA,NA,NA,NA
adrb2_009800,NA,NA,NA,NA,NA
adrb2_010000,NA,NA,NA,NA,NA
adrb2_010200,NA,NA,NA,NA,NA
adrb2_010400,NA,NA,NA,NA,NA
adrb2_010600,NA,NA,NA,NA,NA
adrb2_010800,NA,NA,NA,NA,NA
adrb2_011000,NA,NA,NA,NA,NA
adrb2_011200,(7),9,31,55,Y
adrb2_011400,NA,NA,NA,NA,NA
adrb2_011600,NA,NA,NA,NA,NA
adrb2_011800,NA,NA,NA,NA,NA
adrb2_012000,NA,NA,NA,NA,NA
adrb2_012200,NA,NA,NA,NA,NA
adrb2_012400,NA,NA,NA,NA,NA
adrb2_012600,NA,NA,NA,NA,NA
adrb2_012800,NA,NA,NA,NA,NA
adrb2_013000,NA,NA,NA,NA,NA
adrb2_013200,NA,NA,NA,NA,NA
adrb2_013400,NA,NA,NA,NA,NA
adrb2_013600,NA,NA,NA,NA,NA
adrb2_013800,NA,NA,NA,NA,NA
adrb2_014000,NA,NA,NA,NA,NA
adrb2_014200,NA,NA,NA,NA,NA
adrb2_014400,NA,NA,NA,NA,NA
adrb2_014600,NA,NA,NA,NA,NA
adrb2_014800,NA,NA,NA,NA,NA
adrb2_015000,NA,NA,NA,NA,NA
adrb2_015200,NA,NA,NA,NA,NA
adrb2_015400,NA,NA,NA,NA,NA
adrb2_015600,NA,NA,NA,NA,NA
adrb2_015800,NA,NA,NA,NA,NA
adrb2_016000,NA,NA,NA,NA,NA
adrb2_016200,NA,NA,NA,NA,NA
adrb2_016400,NA,NA,NA,NA,NA
adrb2_016600,NA,NA,NA,NA,NA
adrb2_016800,NA,NA,NA,NA,NA
adrb2_017000,NA,NA,NA,NA,NA
adrb2_017200,NA,NA,NA,NA,NA
adrb2_017400,NA,NA,NA,NA,NA
adrb2_017600,NA,NA,NA,NA,NA
adrb2_017800,NA,NA,NA,NA,NA
adrb2_018000,NA,NA,NA,NA,NA
adrb2_018200,NA,NA,NA,NA,NA
adrb2_018400,NA,NA,NA,NA,NA
adrb2_018600,NA,NA,NA,NA,NA
adrb2_018800,NA,NA,NA,NA,NA
adrb2_019000,NA,NA,NA,NA,NA
adrb2_019200,NA,NA,NA,NA,NA
adrb2_019400,NA,NA,NA,NA,NA
adrb2_019600,NA,NA,NA,NA,NA
adrb2_019800,1,1,20,(66),Y
adrb2_020000,NA,NA,NA,NA,NA
adrb2_020200,NA,NA,NA,NA,NA
adrb2_020400,NA,NA,NA,NA,NA
adrb2_020600,NA,NA,NA,NA,NA
adrb2_020800,NA,NA,NA,NA,NA
adrb2_021000,NA,NA,NA,NA,NA
adrb2_021200,2,5,33,(67),Y
adrb2_021400,NA,NA,NA,NA,NA
adrb2_021600,NA,NA,NA,NA,NA
adrb2_021800,NA,NA,NA,NA,NA
adrb2_022000,NA,NA,NA,NA,NA
adrb2_022200,NA,NA,NA,NA,NA
adrb2_022400,NA,NA,NA,NA,NA
adrb2_022600,NA,NA,NA,NA,NA
adrb2_022800,NA,NA,NA,NA,NA
adrb2_023000,NA,NA,NA,NA,NA
adrb2_023200,NA,NA,NA,NA,NA
adrb2_023400,NA,NA,NA,NA,NA
adrb2_023600,4,6,31,(66),Y
adrb2_023800,NA,NA,NA,NA,NA
adrb2_024000,NA,NA,NA,NA,NA
adrb2_024200,NA,NA,NA,NA,NA
adrb2_024400,NA,NA,NA,NA,NA
adrb2_024600,NA,NA,NA,NA,NA
adrb2_024800,NA,NA,NA,NA,NA
adrb2_025000,NA,NA,NA,NA,NA
adrb2_025200,NA,NA,NA,NA,NA
adrb2_025400,NA,NA,NA,NA,NA
adrb2_025600,NA,NA,NA,NA,NA
adrb2_025800,NA,NA,NA,NA,NA
adrb2_026000,3,5,31,(63),Y
adrb2_026200,NA,NA,NA,NA,NA
adrb2_026400,NA,NA,NA,NA,NA
adrb2_026600,NA,NA,NA,NA,NA
adrb2_026800,NA,NA,NA,NA,NA
adrb2_027000,NA,NA,NA,NA,NA
adrb2_027200,NA,NA,NA,NA,NA
adrb2_027400,NA,NA,NA,NA,NA
adrb2_027600,NA,NA,NA,NA,NA
adrb2_027800,3,6,(36),(82),Y
adrb2_028000,NA,NA,NA,NA,NA
adrb2_028200,NA,NA,NA,NA,NA
adrb2_028400,NA,NA,NA,NA,NA
adrb2_028600,NA,NA,NA,NA,NA
adrb2_028800,NA,NA,NA,NA,NA
adrb2_029000,NA,NA,NA,NA,NA
adrb2_029200,NA,NA,NA,NA,NA
adrb2_029400,NA,NA,NA,NA,NA
adrb2_029600,NA,NA,NA,NA,NA
adrb2_029800,NA,NA,NA,NA,NA
adrb2_030000,NA,NA,NA,NA,NA
adrb2_030200,NA,NA,NA,NA,NA
adrb2_030400,NA,NA,NA,NA,NA
adrb2_030600,NA,NA,NA,NA,NA
adrb2_030800,NA,NA,NA,NA,NA
adrb2_031000,NA,NA,NA,NA,NA
adrb2_031200,NA,NA,NA,NA,NA
adrb2_031400,NA,NA,NA,NA,NA
adrb2_031600,NA,NA,NA,NA,NA
adrb2_031800,NA,NA,NA,NA,NA
adrb2_032000,NA,NA,NA,NA,NA
adrb2_032200,NA,NA,NA,NA,NA
adrb2_032400,NA,NA,NA,NA,NA
adrb2_032600,NA,NA,NA,NA,NA
adrb2_032800,NA,NA,NA,NA,NA
adrb2_033000,NA,NA,NA,NA,NA
adrb2_033200,2,4,23,(64),Y
adrb2_033400,NA,NA,NA,NA,NA
adrb2_033600,NA,NA,NA,NA,NA
adrb2_033800,NA,NA,NA,NA,NA
adrb2_034000,NA,NA,NA,NA,NA
adrb2_034200,NA,NA,NA,NA,NA
adrb2_034400,NA,NA,NA,NA,NA
adrb2_034600,NA,NA,NA,NA,NA
adrb2_034800,NA,NA,NA,NA,NA
adrb2_035000,NA,NA,NA,NA,NA
adrb2_035200,NA,NA,NA,NA,NA
adrb2_035400,NA,NA,NA,NA,NA
adrb2_035600,NA,NA,NA,NA,NA
adrb2_035800,NA,NA,NA,NA,NA
adrb2_036000,NA,NA,NA,NA,NA
adrb2_036200,NA,NA,NA,NA,NA
adrb2_036400,NA,NA,NA,NA,NA
adrb2_036600,NA,NA,NA,NA,NA
adrb2_036800,NA,NA,NA,NA,NA
adrb2_037000,NA,NA,NA,NA,NA
adrb2_037200,NA,NA,NA,NA,NA
adrb2_037400,NA,NA,NA,NA,NA
adrb2_037600,NA,NA,NA,NA,NA
adrb2_037800,4,6,29,(73),Y
adrb2_038000,NA,NA,NA,NA,NA
adrb2_038200,NA,NA,NA,NA,NA
adrb2_038400,NA,NA,NA,NA,NA
adrb2_038600,NA,NA,NA,NA,NA
adrb2_038800,NA,NA,NA,NA,NA
adrb2_039000,NA,NA,NA,NA,NA
adrb2_039200,NA,NA,NA,NA,NA
adrb2_039400,NA,NA,NA,NA,NA
adrb2_039600,NA,NA,NA,NA,NA
adrb2_039800,NA,NA,NA,NA,NA
adrb2_040000,NA,NA,NA,NA,NA
adrb2_040200,NA,NA,NA,NA,NA
adrb2_040400,NA,NA,NA,NA,NA
adrb2_040600,NA,NA,NA,NA,NA
adrb2_040800,NA,NA,NA,NA,NA
adrb2_041000,NA,NA,NA,NA,NA
adrb2_041200,NA,NA,NA,NA,NA
adrb2_041400,NA,NA,NA,NA,NA
adrb2_041600,NA,NA,NA,NA,NA
adrb2_041800,NA,NA,NA,NA,NA
adrb2_042000,NA,NA,NA,NA,NA
adrb2_042200,NA,NA,NA,NA,NA
adrb2_042400,NA,NA,NA,NA,NA
adrb2_042600,NA,NA,NA,NA,NA
adrb2_042800,NA,NA,NA,NA,NA
adrb2_043000,NA,NA,NA,NA,NA
adrb2_043200,5,(12),(53),(77),Y
adrb2_043400,NA,NA,NA,NA,NA
adrb2_043600,NA,NA,NA,NA,NA
adrb2_043800,NA,NA,NA,NA,NA
adrb2_044000,NA,NA,NA,NA,NA
adrb2_044200,NA,NA,NA,NA,NA
adrb2_044400,NA,NA,NA,NA,NA
adrb2_044600,NA,NA,NA,NA,NA
adrb2_044800,NA,NA,NA,NA,NA
adrb2_045000,NA,NA,NA,NA,NA
adrb2_045200,NA,NA,NA,NA,NA
adrb2_045400,NA,NA,NA,NA,NA
adrb2_045600,NA,NA,NA,NA,NA
adrb2_045800,NA,NA,NA,NA,NA
adrb2_046000,NA,NA,NA,NA,NA
adrb2_046200,NA,NA,NA,NA,NA
adrb2_046400,NA,NA,NA,NA,NA
adrb2_046600,NA,NA,NA,NA,NA
adrb2_046800,NA,NA,NA,NA,NA
adrb2_047000,NA,NA,NA,NA,NA
adrb2_047200,NA,NA,NA,NA,NA
adrb2_047400,NA,NA,NA,NA,NA
adrb2_047600,NA,NA,NA,NA,NA
adrb2_047800,NA,NA,NA,NA,NA
adrb2_048000,NA,NA,NA,NA,NA
adrb2_048200,NA,NA,NA,NA,NA
adrb2_048400,NA,NA,NA,NA,NA
adrb2_048600,NA,NA,NA,NA,NA
adrb2_048800,4,8,34,(68),Y
adrb2_049000,NA,NA,NA,NA,NA
adrb2_049200,NA,NA,NA,NA,NA
adrb2_049400,NA,NA,NA,NA,NA
adrb2_049600,NA,NA,NA,NA,NA
adrb2_049800,NA,NA,NA,NA,NA
adrb2_050000,NA,NA,NA,NA,NA
adrb2_050200,NA,NA,NA,NA,NA
adrb2_050400,NA,NA,NA,NA,NA
adrb2_050600,NA,NA,NA,NA,NA
adrb2_050800,NA,NA,NA,NA,NA
adrb2_051000,NA,NA,NA,NA,NA
adrb2_051200,NA,NA,NA,NA,NA
adrb2_051400,NA,NA,NA,NA,NA
adrb2_051600,NA,NA,NA,NA,NA
adrb2_051800,NA,NA,NA,NA,NA
adrb2_052000,NA,NA,NA,NA,NA
adrb2_052200,NA,NA,NA,NA,NA
adrb2_052400,NA,NA,NA,NA,NA
adrb2_052600,NA,NA,NA,NA,NA
adrb2_052800,NA,NA,NA,NA,NA
adrb2_053000,NA,NA,NA,NA,NA
adrb2_053200,NA,NA,NA,NA,NA
adrb2_053400,NA,NA,NA,NA,NA
adrb2_053600,NA,NA,NA,NA,NA
adrb2_053800,NA,NA,NA,NA,NA
adrb2_054000,NA,NA,NA,NA,NA
adrb2_054200,NA,NA,NA,NA,NA
adrb2_054400,NA,NA,NA,NA,NA
adrb2_054600,NA,NA,NA,NA,NA
adrb2_054800,NA,NA,NA,NA,NA
adrb2_055000,NA,NA,NA,NA,NA
adrb2_055200,NA,NA,NA,NA,NA
adrb2_055400,NA,NA,NA,NA,NA
adrb2_055600,NA,NA,NA,NA,NA
adrb2_055800,1,3,(49),(72),Y
adrb2_056000,NA,NA,NA,NA,NA
adrb2_056200,NA,NA,NA,NA,NA
adrb2_056400,NA,NA,NA,NA,NA
adrb2_056600,NA,NA,NA,NA,NA
adrb2_056800,NA,NA,NA,NA,NA
adrb2_057000,NA,NA,NA,NA,NA
adrb2_057200,NA,NA,NA,NA,NA
adrb2_057400,3,6,(41),(72),Y
adrb2_057600,NA,NA,NA,NA,NA
adrb2_057800,NA,NA,NA,NA,NA
adrb2_058000,NA,NA,NA,NA,NA
adrb2_058200,NA,NA,NA,NA,NA
adrb2_058400,NA,NA,NA,NA,NA
adrb2_058600,NA,NA,NA,NA,NA
adrb2_058800,NA,NA,NA,NA,NA
adrb2_059000,NA,NA,NA,NA,NA
adrb2_059200,NA,NA,NA,NA,NA
adrb2_059400,NA,NA,NA,NA,NA
adrb2_059600,NA,NA,NA,NA,NA
adrb2_059800,NA,NA,NA,NA,NA
adrb2_060000,NA,NA,NA,NA,NA
adrb2_060200,NA,NA,NA,NA,NA
adrb2_060400,NA,NA,NA,NA,NA
adrb2_060600,NA,NA,NA,NA,NA
adrb2_060800,NA,NA,NA,NA,NA
adrb2_061000,NA,NA,NA,NA,NA
adrb2_061400,NA,NA,NA,NA,NA
adrb2_061600,NA,NA,NA,NA,NA
adrb2_061800,NA,NA,NA,NA,NA
adrb2_062000,NA,NA,NA,NA,NA
adrb2_062200,NA,NA,NA,NA,NA
adrb2_062400,NA,NA,NA,NA,NA
adrb2_062600,NA,NA,NA,NA,NA
adrb2_062800,NA,NA,NA,NA,NA
adrb2_063000,NA,NA,NA,NA,NA
adrb2_063200,NA,NA,NA,NA,NA
adrb2_063400,NA,NA,NA,NA,NA
adrb2_063600,NA,NA,NA,NA,NA
adrb2_063800,NA,NA,NA,NA,NA
adrb2_064000,NA,NA,NA,NA,NA
adrb2_064200,NA,NA,NA,NA,NA
adrb2_064400,NA,NA,NA,NA,NA
adrb2_064600,NA,NA,NA,NA,NA
adrb2_064800,1,2,(47),(79),Y
adrb2_065000,NA,NA,NA,NA,NA
adrb2_065200,NA,NA,NA,NA,NA
adrb2_065400,NA,NA,NA,NA,NA
adrb2_065600,NA,NA,NA,NA,NA
adrb2_065800,NA,NA,NA,NA,NA
adrb2_066000,NA,NA,NA,NA,NA
adrb2_066200,NA,NA,NA,NA,NA
adrb2_066400,NA,NA,NA,NA,NA
adrb2_066600,NA,NA,NA,NA,NA
adrb2_066800,NA,NA,NA,NA,NA
adrb2_067000,NA,NA,NA,NA,NA
adrb2_067400,NA,NA,NA,NA,NA
adrb2_067600,NA,NA,NA,NA,NA
adrb2_067800,(7),9,23,44,Y
adrb2_068000,NA,NA,NA,NA,NA
adrb2_068200,NA,NA,NA,NA,NA
adrb2_068400,NA,NA,NA,NA,NA
adrb2_068600,NA,NA,NA,NA,NA
adrb2_068800,NA,NA,NA,NA,NA
adrb2_069000,NA,NA,NA,NA,NA
adrb2_069200,NA,NA,NA,NA,NA
adrb2_069400,NA,NA,NA,NA,NA
adrb2_069600,NA,NA,NA,NA,NA
adrb2_069800,NA,NA,NA,NA,NA
adrb2_070200,3,9,(37),(79),Y
adrb2_070400,NA,NA,NA,NA,NA
adrb2_070600,NA,NA,NA,NA,NA
adrb2_070800,NA,NA,NA,NA,NA
adrb2_071000,NA,NA,NA,NA,NA
adrb2_071200,NA,NA,NA,NA,NA
adrb2_071400,NA,NA,NA,NA,NA
adrb2_071600,NA,NA,NA,NA,NA
adrb2_071800,NA,NA,NA,NA,NA
adrb2_072000,NA,NA,NA,NA,NA
adrb2_072200,NA,NA,NA,NA,NA
adrb2_072400,NA,NA,NA,NA,NA
adrb2_072600,NA,NA,NA,NA,NA
adrb2_072800,3,5,(43),(71),Y
adrb2_073000,NA,NA,NA,NA,NA
adrb2_073200,NA,NA,NA,NA,NA
adrb2_073400,2,8,(48),(83),Y
adrb2_073600,NA,NA,NA,NA,NA
adrb2_073800,NA,NA,NA,NA,NA
adrb2_074000,NA,NA,NA,NA,NA
adrb2_074200,NA,NA,NA,NA,NA
adrb2_074400,NA,NA,NA,NA,NA
adrb2_074600,NA,NA,NA,NA,NA
adrb2_074800,2,10,(37),62,Y
adrb2_075000,NA,NA,NA,NA,NA
adrb2_075200,NA,NA,NA,NA,NA
adrb2_075400,NA,NA,NA,NA,NA
adrb2_075600,NA,NA,NA,NA,NA
adrb2_075800,NA,NA,NA,NA,NA
adrb2_076000,1,2,32,(67),Y
adrb2_076200,NA,NA,NA,NA,NA
adrb2_076400,6,9,(35),(73),Y
adrb2_076600,NA,NA,NA,NA,NA
adrb2_076800,NA,NA,NA,NA,NA
adrb2_077000,NA,NA,NA,NA,NA
adrb2_077200,NA,NA,NA,NA,NA
adrb2_077400,NA,NA,NA,NA,NA
adrb2_077600,0,2,(38),(68),Y
adrb2_077800,NA,NA,NA,NA,NA
adrb2_078000,NA,NA,NA,NA,NA
adrb2_078200,NA,NA,NA,NA,NA
adrb2_078400,NA,NA,NA,NA,NA
adrb2_078600,NA,NA,NA,NA,NA
adrb2_078800,NA,NA,NA,NA,NA
adrb2_079000,NA,NA,NA,NA,NA
adrb2_079200,NA,NA,NA,NA,NA
adrb2_079400,NA,NA,NA,NA,NA
adrb2_079600,NA,NA,NA,NA,NA
adrb2_080000,NA,NA,NA,NA,NA
adrb2_080200,NA,NA,NA,NA,NA
adrb2_080400,NA,NA,NA,NA,NA
adrb2_080600,NA,NA,NA,NA,NA
adrb2_080800,NA,NA,NA,NA,NA
adrb2_081000,0,2,(42),(71),Y
adrb2_081200,NA,NA,NA,NA,NA
adrb2_081400,NA,NA,NA,NA,NA
adrb2_081600,(8),(13),29,47,Y
adrb2_081800,0,1,19,(69),Y
adrb2_082000,NA,NA,NA,NA,NA
adrb2_082600,NA,NA,NA,NA,NA
adrb2_082800,NA,NA,NA,NA,NA
adrb2_083000,NA,NA,NA,NA,NA
adrb2_083200,NA,NA,NA,NA,NA
adrb2_083400,NA,NA,NA,NA,NA
adrb2_083600,NA,NA,NA,NA,NA
adrb2_083800,NA,NA,NA,NA,NA
adrb2_084000,NA,NA,NA,NA,NA
adrb2_084200,NA,NA,NA,NA,NA
adrb2_084400,NA,NA,NA,NA,NA
adrb2_084600,NA,NA,NA,NA,NA
adrb2_084800,NA,NA,NA,NA,NA
adrb2_085000,NA,NA,NA,NA,NA
adrb2_085200,NA,NA,NA,NA,NA
adrb2_085400,NA,NA,NA,NA,NA
adrb2_085600,NA,NA,NA,NA,NA
adrb2_085800,NA,NA,NA,NA,NA
adrb2_086000,NA,NA,NA,NA,NA
adrb2_086200,NA,NA,NA,NA,NA
adrb2_086400,NA,NA,NA,NA,NA
adrb2_086600,NA,NA,NA,NA,NA
adrb2_086800,NA,NA,NA,NA,NA
adrb2_087000,NA,NA,NA,NA,NA
adrb2_087200,NA,NA,NA,NA,NA
adrb2_087600,NA,NA,NA,NA,NA
adrb2_087800,NA,NA,NA,NA,NA
adrb2_088000,NA,NA,NA,NA,NA
adrb2_088200,NA,NA,NA,NA,NA
adrb2_088400,NA,NA,NA,NA,NA
adrb2_088600,NA,NA,NA,NA,NA
adrb2_088800,NA,NA,NA,NA,NA
adrb2_089000,NA,NA,NA,NA,NA
adrb2_089200,NA,NA,NA,NA,NA
adrb2_089400,NA,NA,NA,NA,NA
adrb2_089600,NA,NA,NA,NA,NA
adrb2_089800,NA,NA,NA,NA,NA
adrb2_090000,NA,NA,NA,NA,NA
adrb2_090200,NA,NA,NA,NA,NA
adrb2_090400,NA,NA,NA,NA,NA
adrb2_090800,NA,NA,NA,NA,NA
adrb2_091000,1,3,31,(63),Y
adrb2_091200,NA,NA,NA,NA,NA
adrb2_091400,NA,NA,NA,NA,NA
adrb2_091600,NA,NA,NA,NA,NA
adrb2_091800,NA,NA,NA,NA,NA
adrb2_092000,NA,NA,NA,NA,NA
adrb2_092200,NA,NA,NA,NA,NA
adrb2_092400,NA,NA,NA,NA,NA
adrb2_092600,NA,NA,NA,NA,NA
adrb2_092800,NA,NA,NA,NA,NA
adrb2_093000,NA,NA,NA,NA,NA
adrb2_093200,NA,NA,NA,NA,NA
adrb2_093400,NA,NA,NA,NA,NA
adrb2_093600,NA,NA,NA,NA,NA
adrb2_093800,NA,NA,NA,NA,NA
adrb2_094000,4,6,30,(64),Y
adrb2_094200,NA,NA,NA,NA,NA
adrb2_094400,2,5,31,(66),Y
adrb2_094600,NA,NA,NA,NA,NA
adrb2_094800,NA,NA,NA,NA,NA
adrb2_095000,NA,NA,NA,NA,NA
adrb2_095200,0,1,11,(64),Y
adrb2_095400,NA,NA,NA,NA,NA
adrb2_095600,NA,NA,NA,NA,NA
adrb2_095800,NA,NA,NA,NA,NA
adrb2_096000,NA,NA,NA,NA,NA
adrb2_096200,NA,NA,NA,NA,NA
adrb2_096400,NA,NA,NA,NA,NA
adrb2_096600,NA,NA,NA,NA,NA
adrb2_096800,NA,NA,NA,NA,NA
adrb2_097000,NA,NA,NA,NA,NA
adrb2_097200,NA,NA,NA,NA,NA
adrb2_097400,NA,NA,NA,NA,NA
adrb2_097600,NA,NA,NA,NA,NA
adrb2_098000,NA,NA,NA,NA,NA
adrb2_098200,NA,NA,NA,NA,NA
adrb2_098400,NA,NA,NA,NA,NA
adrb2_098600,1,2,(39),(76),Y
adrb2_098800,NA,NA,NA,NA,NA
adrb2_099000,NA,NA,NA,NA,NA
adrb2_099200,NA,NA,NA,NA,NA
adrb2_099400,NA,NA,NA,NA,NA
adrb2_099600,NA,NA,NA,NA,NA
adrb2_099800,NA,NA,NA,NA,NA
adrb2_100000,NA,NA,NA,NA,NA
adrb2_100200,NA,NA,NA,NA,NA
adrb2_100400,NA,NA,NA,NA,NA
adrb2_100600,NA,NA,NA,NA,NA
adrb2_100800,NA,NA,NA,NA,NA
adrb2_101000,NA,NA,NA,NA,NA
adrb2_101200,NA,NA,NA,NA,NA
adrb2_101400,NA,NA,NA,NA,NA
adrb2_101600,NA,NA,NA,NA,NA
adrb2_101800,NA,NA,NA,NA,NA
adrb2_102000,NA,NA,NA,NA,NA
adrb2_102200,NA,NA,NA,NA,NA
adrb2_102400,NA,NA,NA,NA,NA
adrb2_102600,NA,NA,NA,NA,NA
adrb2_102800,NA,NA,NA,NA,NA
adrb2_103000,NA,NA,NA,NA,NA
adrb2_103200,NA,NA,NA,NA,NA
adrb2_103400,NA,NA,NA,NA,NA
adrb2_103600,NA,NA,NA,NA,NA
adrb2_103800,NA,NA,NA,NA,NA
adrb2_104000,NA,NA,NA,NA,NA
adrb2_104200,NA,NA,NA,NA,NA
adrb2_104400,NA,NA,NA,NA,NA
adrb2_104600,NA,NA,NA,NA,NA
adrb2_104800,NA,NA,NA,NA,NA
adrb2_105000,NA,NA,NA,NA,NA
adrb2_105200,NA,NA,NA,NA,NA
adrb2_105400,NA,NA,NA,NA,NA
adrb2_105600,NA,NA,NA,NA,NA
adrb2_105800,NA,NA,NA,NA,NA
adrb2_106000,NA,NA,NA,NA,NA
adrb2_106200,NA,NA,NA,NA,NA
adrb2_106400,NA,NA,NA,NA,NA
adrb2_106600,NA,NA,NA,NA,NA
adrb2_106800,NA,NA,NA,NA,NA
adrb2_107000,NA,NA,NA,NA,NA
adrb2_107200,NA,NA,NA,NA,NA
adrb2_107400,1,3,24,(71),Y
adrb2_107600,NA,NA,NA,NA,NA
adrb2_107800,NA,NA,NA,NA,NA
adrb2_108000,NA,NA,NA,NA,NA
adrb2_108200,NA,NA,NA,NA,NA
adrb2_108400,NA,NA,NA,NA,NA
adrb2_108600,NA,NA,NA,NA,NA
adrb2_108800,NA,NA,NA,NA,NA
adrb2_109000,NA,NA,NA,NA,NA
adrb2_109200,NA,NA,NA,NA,NA
adrb2_109400,NA,NA,NA,NA,NA
adrb2_109600,NA,NA,NA,NA,NA
adrb2_109800,NA,NA,NA,NA,NA
adrb2_110000,NA,NA,NA,NA,NA
adrb2_110200,NA,NA,NA,NA,NA
adrb2_110400,NA,NA,NA,NA,NA
adrb2_110600,NA,NA,NA,NA,NA
adrb2_110800,NA,NA,NA,NA,NA
adrb2_111000,1,5,34,(68),Y
adrb2_111200,NA,NA,NA,NA,NA
adrb2_111400,NA,NA,NA,NA,NA
adrb2_111600,NA,NA,NA,NA,NA
adrb2_111800,NA,NA,NA,NA,NA
adrb2_112000,NA,NA,NA,NA,NA
adrb2_112200,NA,NA,NA,NA,NA
adrb2_112400,0,3,(35),(65),Y
adrb2_112600,NA,NA,NA,NA,NA
adrb2_112800,NA,NA,NA,NA,NA
adrb2_113000,NA,NA,NA,NA,NA
adrb2_113200,NA,NA,NA,NA,NA
adrb2_113400,NA,NA,NA,NA,NA
adrb2_113600,NA,NA,NA,NA,NA
adrb2_113800,NA,NA,NA,NA,NA
adrb2_114000,NA,NA,NA,NA,NA
adrb2_114400,NA,NA,NA,NA,NA
adrb2_114600,NA,NA,NA,NA,NA
adrb2_114800,NA,NA,NA,NA,NA
adrb2_115000,NA,NA,NA,NA,NA
adrb2_115200,NA,NA,NA,NA,NA
adrb2_115400,NA,NA,NA,NA,NA
adrb2_115600,NA,NA,NA,NA,NA
adrb2_115800,NA,NA,NA,NA,NA
adrb2_116000,NA,NA,NA,NA,NA
adrb2_116200,NA,NA,NA,NA,NA
adrb2_116400,NA,NA,NA,NA,NA
adrb2_116600,NA,NA,NA,NA,NA
adrb2_116800,NA,NA,NA,NA,NA
adrb2_117000,NA,NA,NA,NA,NA
adrb2_117200,NA,NA,NA,NA,NA
adrb2_117400,NA,NA,NA,NA,NA
adrb2_117600,NA,NA,NA,NA,NA
adrb2_117800,NA,NA,NA,NA,NA
adrb2_118000,NA,NA,NA,NA,NA
adrb2_118200,NA,NA,NA,NA,NA
adrb2_118400,NA,NA,NA,NA,NA
adrb2_118600,NA,NA,NA,NA,NA
adrb2_118800,NA,NA,NA,NA,NA
adrb2_119000,NA,NA,NA,NA,NA
adrb2_119200,0,2,(36),57,Y
adrb2_119400,NA,NA,NA,NA,NA
adrb2_119600,NA,NA,NA,NA,NA
adrb2_119800,NA,NA,NA,NA,NA
adrb2_120000,NA,NA,NA,NA,NA
adrb2_120200,NA,NA,NA,NA,NA
adrb2_120400,NA,NA,NA,NA,NA
adrb2_120600,NA,NA,NA,NA,NA
adrb2_120800,NA,NA,NA,NA,NA
adrb2_121000,NA,NA,NA,NA,NA
adrb2_121200,NA,NA,NA,NA,NA
adrb2_121400,NA,NA,NA,NA,NA
adrb2_121600,NA,NA,NA,NA,NA
adrb2_121800,NA,NA,NA,NA,NA
adrb2_122000,NA,NA,NA,NA,NA
adrb2_122200,NA,NA,NA,NA,NA
adrb2_122400,NA,NA,NA,NA,NA
adrb2_122600,NA,NA,NA,NA,NA
adrb2_122800,NA,NA,NA,NA,NA
adrb2_123000,NA,NA,NA,NA,NA
adrb2_123200,NA,NA,NA,NA,NA
adrb2_123400,NA,NA,NA,NA,NA
adrb2_123600,NA,NA,NA,NA,NA
adrb2_123800,NA,NA,NA,NA,NA
adrb2_124000,NA,NA,NA,NA,NA
adrb2_124200,NA,NA,NA,NA,NA
adrb2_124400,NA,NA,NA,NA,NA
adrb2_124600,NA,NA,NA,NA,NA
adrb2_124800,NA,NA,NA,NA,NA
adrb2_125000,NA,NA,NA,NA,NA
adrb2_125200,NA,NA,NA,NA,NA
adrb2_125400,NA,NA,NA,NA,NA
adrb2_125600,NA,NA,NA,NA,NA
adrb2_125800,NA,NA,NA,NA,NA
adrb2_126000,1,4,(36),(66),Y
adrb2_126200,0,2,(36),(78),Y
adrb2_126400,NA,NA,NA,NA,NA
adrb2_126600,NA,NA,NA,NA,NA
adrb2_126800,NA,NA,NA,NA,NA
adrb2_127000,NA,NA,NA,NA,NA
adrb2_127200,NA,NA,NA,NA,NA
adrb2_127400,NA,NA,NA,NA,NA
adrb2_127600,NA,NA,NA,NA,NA
adrb2_127800,NA,NA,NA,NA,NA
adrb2_128000,NA,NA,NA,NA,NA
adrb2_128200,NA,NA,NA,NA,NA
adrb2_128400,NA,NA,NA,NA,NA
adrb2_128600,NA,NA,NA,NA,NA
adrb2_128800,NA,NA,NA,NA,NA
adrb2_129000,NA,NA,NA,NA,NA
adrb2_129200,NA,NA,NA,NA,NA
adrb2_129400,NA,NA,NA,NA,NA
adrb2_129600,NA,NA,NA,NA,NA
adrb2_129800,NA,NA,NA,NA,NA
adrb2_130000,NA,NA,NA,NA,NA
adrb2_130200,NA,NA,NA,NA,NA
adrb2_130400,NA,NA,NA,NA,NA
adrb2_130600,NA,NA,NA,NA,NA
adrb2_130800,NA,NA,NA,NA,NA
adrb2_131000,NA,NA,NA,NA,NA
adrb2_131200,NA,NA,NA,NA,NA
adrb2_131400,NA,NA,NA,NA,NA
adrb2_131600,1,3,32,(81),Y
adrb2_131800,NA,NA,NA,NA,NA
adrb2_132000,NA,NA,NA,NA,NA
adrb2_132200,NA,NA,NA,NA,NA
adrb2_132400,NA,NA,NA,NA,NA
adrb2_132600,NA,NA,NA,NA,NA
adrb2_132800,NA,NA,NA,NA,NA
adrb2_133000,NA,NA,NA,NA,NA
adrb2_133200,NA,NA,NA,NA,NA
adrb2_133400,NA,NA,NA,NA,NA
adrb2_133600,NA,NA,NA,NA,NA
adrb2_133800,NA,NA,NA,NA,NA
adrb2_134000,NA,NA,NA,NA,NA
adrb2_134200,NA,NA,NA,NA,NA
adrb2_134400,NA,NA,NA,NA,NA
adrb2_134600,NA,NA,NA,NA,NA
adrb2_134800,NA,NA,NA,NA,NA
adrb2_135000,NA,NA,NA,NA,NA
adrb2_135400,1,2,31,(65),Y
adrb2_135600,NA,NA,NA,NA,NA
adrb2_135800,NA,NA,NA,NA,NA
adrb2_136200,6,(12),(40),(66),Y
adrb2_136400,NA,NA,NA,NA,NA
adrb2_136600,NA,NA,NA,NA,NA
adrb2_136800,NA,NA,NA,NA,NA
adrb2_137000,NA,NA,NA,NA,NA
adrb2_137200,6,(12),(39),(70),Y
adrb2_137400,NA,NA,NA,NA,NA
adrb2_137600,NA,NA,NA,NA,NA
adrb2_137800,NA,NA,NA,NA,NA
adrb2_138000,NA,NA,NA,NA,NA
adrb2_138200,NA,NA,NA,NA,NA
adrb2_138400,NA,NA,NA,NA,NA
adrb2_138600,NA,NA,NA,NA,NA
adrb2_138800,NA,NA,NA,NA,NA
adrb2_139000,NA,NA,NA,NA,NA
adrb2_139400,NA,NA,NA,NA,NA
adrb2_139600,NA,NA,NA,NA,NA
adrb2_139800,NA,NA,NA,NA,NA
adrb2_140000,NA,NA,NA,NA,NA
adrb2_140200,NA,NA,NA,NA,NA
adrb2_140400,NA,NA,NA,NA,NA
adrb2_140600,NA,NA,NA,NA,NA
adrb2_140800,NA,NA,NA,NA,NA
adrb2_141000,NA,NA,NA,NA,NA
adrb2_141200,NA,NA,NA,NA,NA
adrb2_141400,NA,NA,NA,NA,NA
adrb2_141600,NA,NA,NA,NA,NA
adrb2_141800,NA,NA,NA,NA,NA
adrb2_142000,NA,NA,NA,NA,NA
adrb2_142200,NA,NA,NA,NA,NA
adrb2_142400,NA,NA,NA,NA,NA
adrb2_142600,NA,NA,NA,NA,NA
adrb2_142800,NA,NA,NA,NA,NA
adrb2_143000,NA,NA,NA,NA,NA
adrb2_143200,NA,NA,NA,NA,NA
adrb2_143400,NA,NA,NA,NA,NA
adrb2_143600,NA,NA,NA,NA,NA
adrb2_143800,NA,NA,NA,NA,NA
adrb2_144000,NA,NA,NA,NA,NA
adrb2_144200,NA,NA,NA,NA,NA
adrb2_144400,NA,NA,NA,NA,NA
adrb2_144600,NA,NA,NA,NA,NA
adrb2_144800,NA,NA,NA,NA,NA
adrb2_145000,NA,NA,NA,NA,NA
adrb2_145200,NA,NA,NA,NA,NA
adrb2_145400,NA,NA,NA,NA,NA
adrb2_145600,NA,NA,NA,NA,NA
adrb2_145800,NA,NA,NA,NA,NA
adrb2_146000,NA,NA,NA,NA,NA
adrb2_146200,NA,NA,NA,NA,NA
adrb2_146400,NA,NA,NA,NA,NA
adrb2_146600,NA,NA,NA,NA,NA
adrb2_146800,NA,NA,NA,NA,NA
adrb2_147000,NA,NA,NA,NA,NA
adrb2_147200,NA,NA,NA,NA,NA
adrb2_147400,NA,NA,NA,NA,NA
adrb2_147600,NA,NA,NA,NA,NA
adrb2_147800,NA,NA,NA,NA,NA
adrb2_148000,NA,NA,NA,NA,NA
adrb2_148200,NA,NA,NA,NA,NA
adrb2_148400,NA,NA,NA,NA,NA
adrb2_148600,NA,NA,NA,NA,NA
adrb2_148800,NA,NA,NA,NA,NA
adrb2_149000,NA,NA,NA,NA,NA
adrb2_149200,NA,NA,NA,NA,NA
adrb2_149400,NA,NA,NA,NA,NA
adrb2_149600,NA,NA,NA,NA,NA
adrb2_149800,NA,NA,NA,NA,NA
adrb2_150000,NA,NA,NA,NA,NA
adrb2_150200,NA,NA,NA,NA,NA
adrb2_150400,NA,NA,NA,NA,NA
adrb2_150600,NA,NA,NA,NA,NA
adrb2_150800,NA,NA,NA,NA,NA
adrb2_151000,NA,NA,NA,NA,NA
adrb2_151200,NA,NA,NA,NA,NA
adrb2_151400,NA,NA,NA,NA,NA
adrb2_151600,NA,NA,NA,NA,NA
adrb2_151800,NA,NA,NA,NA,NA
adrb2_152000,NA,NA,NA,NA,NA
adrb2_152200,NA,NA,NA,NA,NA
adrb2_152400,NA,NA,NA,NA,NA
adrb2_152600,NA,NA,NA,NA,NA
adrb2_152800,NA,NA,NA,NA,NA
adrb2_153200,NA,NA,NA,NA,NA
adrb2_153400,NA,NA,NA,NA,NA
adrb2_153600,NA,NA,NA,NA,NA
adrb2_153800,NA,NA,NA,NA,NA
adrb2_154000,NA,NA,NA,NA,NA
adrb2_154200,NA,NA,NA,NA,NA
adrb2_154400,NA,NA,NA,NA,NA
adrb2_154600,NA,NA,NA,NA,NA
adrb2_154800,NA,NA,NA,NA,NA
adrb2_155000,NA,NA,NA,NA,NA
adrb2_155200,1,1,34,(75),Y
adrb2_155400,NA,NA,NA,NA,NA
adrb2_155600,NA,NA,NA,NA,NA
adrb2_155800,2,4,(39),(69),Y
adrb2_156000,NA,NA,NA,NA,NA
adrb2_156200,NA,NA,NA,NA,NA
adrb2_156400,NA,NA,NA,NA,NA
adrb2_156600,NA,NA,NA,NA,NA
adrb2_156800,NA,NA,NA,NA,NA
adrb2_157000,NA,NA,NA,NA,NA
adrb2_157200,NA,NA,NA,NA,NA
adrb2_157400,1,4,25,(64),Y
adrb2_157600,NA,NA,NA,NA,NA
adrb2_158000,NA,NA,NA,NA,NA
adrb2_158200,NA,NA,NA,NA,NA
adrb2_158400,NA,NA,NA,NA,NA
adrb2_158600,NA,NA,NA,NA,NA
adrb2_158800,NA,NA,NA,NA,NA
adrb2_159000,NA,NA,NA,NA,NA
adrb2_159200,NA,NA,NA,NA,NA
adrb2_159400,NA,NA,NA,NA,NA
adrb2_159600,NA,NA,NA,NA,NA
adrb2_159800,NA,NA,NA,NA,NA
adrb2_160000,NA,NA,NA,NA,NA
adrb2_160200,NA,NA,NA,NA,NA
adrb2_160400,NA,NA,NA,NA,NA
adrb2_160600,NA,NA,NA,NA,NA
adrb2_160800,NA,NA,NA,NA,NA
adrb2_161000,NA,NA,NA,NA,NA
adrb2_161400,NA,NA,NA,NA,NA
adrb2_161800,NA,NA,NA,NA,NA
adrb2_162000,NA,NA,NA,NA,NA
adrb2_162200,NA,NA,NA,NA,NA
adrb2_162400,NA,NA,NA,NA,NA
adrb2_162600,2,4,(39),(75),Y
adrb2_162800,NA,NA,NA,NA,NA
adrb2_163200,NA,NA,NA,NA,NA
adrb2_163400,NA,NA,NA,NA,NA
adrb2_163600,NA,NA,NA,NA,NA
adrb2_163800,NA,NA,NA,NA,NA
adrb2_164000,NA,NA,NA,NA,NA
adrb2_164200,NA,NA,NA,NA,NA
adrb2_164400,NA,NA,NA,NA,NA
adrb2_164600,NA,NA,NA,NA,NA
adrb2_164800,NA,NA,NA,NA,NA
adrb2_165000,NA,NA,NA,NA,NA
adrb2_165200,NA,NA,NA,NA,NA
adrb2_165400,NA,NA,NA,NA,NA
adrb2_165600,NA,NA,NA,NA,NA
adrb2_165800,NA,NA,NA,NA,NA
adrb2_166000,NA,NA,NA,NA,NA
adrb2_166200,NA,NA,NA,NA,NA
adrb2_166400,NA,NA,NA,NA,NA
adrb2_166600,NA,NA,NA,NA,NA
adrb2_166800,NA,NA,NA,NA,NA
adrb2_167000,NA,NA,NA,NA,NA
adrb2_167200,NA,NA,NA,NA,NA
adrb2_167400,NA,NA,NA,NA,NA
adrb2_167600,NA,NA,NA,NA,NA
adrb2_167800,NA,NA,NA,NA,NA
adrb2_168000,NA,NA,NA,NA,NA
adrb2_168400,NA,NA,NA,NA,NA
adrb2_168600,NA,NA,NA,NA,NA
adrb2_168800,NA,NA,NA,NA,NA
adrb2_169000,NA,NA,NA,NA,NA
adrb2_169200,NA,NA,NA,NA,NA
adrb2_169400,NA,NA,NA,NA,NA
adrb2_169800,NA,NA,NA,NA,NA
adrb2_170000,NA,NA,NA,NA,NA
adrb2_170200,NA,NA,NA,NA,NA
adrb2_170400,NA,NA,NA,NA,NA
adrb2_170800,NA,NA,NA,NA,NA
adrb2_171000,1,1,28,(70),Y
adrb2_171200,NA,NA,NA,NA,NA
adrb2_171400,NA,NA,NA,NA,NA
adrb2_171600,NA,NA,NA,NA,NA
adrb2_171800,NA,NA,NA,NA,NA
adrb2_172000,NA,NA,NA,NA,NA
adrb2_172200,NA,NA,NA,NA,NA
adrb2_172400,NA,NA,NA,NA,NA
adrb2_172600,NA,NA,NA,NA,NA
adrb2_172800,NA,NA,NA,NA,NA
adrb2_173200,NA,NA,NA,NA,NA
adrb2_173400,NA,NA,NA,NA,NA
adrb2_173600,NA,NA,NA,NA,NA
adrb2_173800,NA,NA,NA,NA,NA
adrb2_174000,NA,NA,NA,NA,NA
adrb2_174200,NA,NA,NA,NA,NA
adrb2_174400,NA,NA,NA,NA,NA
adrb2_174800,NA,NA,NA,NA,NA
adrb2_175000,NA,NA,NA,NA,NA
adrb2_175200,NA,NA,NA,NA,NA
adrb2_175400,NA,NA,NA,NA,NA
adrb2_175600,NA,NA,NA,NA,NA
adrb2_175800,NA,NA,NA,NA,NA
adrb2_176000,NA,NA,NA,NA,NA
adrb2_176200,NA,NA,NA,NA,NA
adrb2_176400,NA,NA,NA,NA,NA
adrb2_176600,NA,NA,NA,NA,NA
adrb2_176800,NA,NA,NA,NA,NA
adrb2_177000,NA,NA,NA,NA,NA
adrb2_177200,NA,NA,NA,NA,NA
adrb2_177400,NA,NA,NA,NA,NA
adrb2_177600,NA,NA,NA,NA,NA
adrb2_177800,NA,NA,NA,NA,NA
adrb2_178000,NA,NA,NA,NA,NA
adrb2_178200,NA,NA,NA,NA,NA
adrb2_178400,NA,NA,NA,NA,NA
adrb2_178600,NA,NA,NA,NA,NA
adrb2_178800,NA,NA,NA,NA,NA
adrb2_179000,NA,NA,NA,NA,NA
adrb2_179200,NA,NA,NA,NA,NA
adrb2_179400,NA,NA,NA,NA,NA
adrb2_179600,NA,NA,NA,NA,NA
adrb2_179800,NA,NA,NA,NA,NA
adrb2_180000,NA,NA,NA,NA,NA
adrb2_180200,NA,NA,NA,NA,NA
adrb2_180400,NA,NA,NA,NA,NA
adrb2_180600,NA,NA,NA,NA,NA
adrb2_180800,NA,NA,NA,NA,NA
adrb2_181000,NA,NA,NA,NA,NA
adrb2_181200,NA,NA,NA,NA,NA
adrb2_181400,NA,NA,NA,NA,NA
adrb2_181600,NA,NA,NA,NA,NA
adrb2_181800,NA,NA,NA,NA,NA
adrb2_182000,NA,NA,NA,NA,NA
adrb2_182200,NA,NA,NA,NA,NA
adrb2_182400,1,1,32,(63),Y
adrb2_182600,NA,NA,NA,NA,NA
adrb2_182800,NA,NA,NA,NA,NA
adrb2_183000,NA,NA,NA,NA,NA
adrb2_183400,NA,NA,NA,NA,NA
adrb2_183600,NA,NA,NA,NA,NA
adrb2_183800,NA,NA,NA,NA,NA
adrb2_184000,NA,NA,NA,NA,NA
adrb2_184200,NA,NA,NA,NA,NA
adrb2_184400,NA,NA,NA,NA,NA
adrb2_184600,NA,NA,NA,NA,NA
adrb2_184800,NA,NA,NA,NA,NA
adrb2_185000,NA,NA,NA,NA,NA
adrb2_185200,NA,NA,NA,NA,NA
adrb2_185400,NA,NA,NA,NA,NA
adrb2_185600,NA,NA,NA,NA,NA
adrb2_185800,NA,NA,NA,NA,NA
adrb2_186000,NA,NA,NA,NA,NA
adrb2_186200,NA,NA,NA,NA,NA
adrb2_186400,NA,NA,NA,NA,NA
adrb2_186600,NA,NA,NA,NA,NA
adrb2_186800,NA,NA,NA,NA,NA
adrb2_187000,NA,NA,NA,NA,NA
adrb2_187200,NA,NA,NA,NA,NA
adrb2_187400,NA,NA,NA,NA,NA
adrb2_187600,NA,NA,NA,NA,NA
adrb2_187800,NA,NA,NA,NA,NA
adrb2_188000,NA,NA,NA,NA,NA
adrb2_188200,NA,NA,NA,NA,NA
adrb2_188400,NA,NA,NA,NA,NA
adrb2_188600,NA,NA,NA,NA,NA
adrb2_188800,NA,NA,NA,NA,NA
adrb2_189000,NA,NA,NA,NA,NA
adrb2_189200,NA,NA,NA,NA,NA
adrb2_189400,NA,NA,NA,NA,NA
adrb2_189600,3,7,(35),(67),Y
adrb2_189800,5,8,32,(67),Y
adrb2_190000,NA,NA,NA,NA,NA
adrb2_190200,NA,NA,NA,NA,NA
adrb2_190400,NA,NA,NA,NA,NA
adrb2_190600,NA,NA,NA,NA,NA
adrb2_190800,NA,NA,NA,NA,NA
adrb2_191000,NA,NA,NA,NA,NA
adrb2_191200,NA,NA,NA,NA,NA
adrb2_191400,NA,NA,NA,NA,NA
adrb2_191600,NA,NA,NA,NA,NA
adrb2_191800,NA,NA,NA,NA,NA
adrb2_192000,NA,NA,NA,NA,NA
adrb2_192200,NA,NA,NA,NA,NA
adrb2_192400,NA,NA,NA,NA,NA
adrb2_192600,NA,NA,NA,NA,NA
adrb2_192800,NA,NA,NA,NA,NA
adrb2_193000,NA,NA,NA,NA,NA
adrb2_193200,NA,NA,NA,NA,NA
adrb2_193400,NA,NA,NA,NA,NA
adrb2_193600,NA,NA,NA,NA,NA
adrb2_193800,NA,NA,NA,NA,NA
adrb2_194000,NA,NA,NA,NA,NA
adrb2_194200,NA,NA,NA,NA,NA
adrb2_194400,NA,NA,NA,NA,NA
adrb2_194600,NA,NA,NA,NA,NA
adrb2_194800,NA,NA,NA,NA,NA
adrb2_195000,NA,NA,NA,NA,NA
adrb2_195200,NA,NA,NA,NA,NA
adrb2_195400,NA,NA,NA,NA,NA
adrb2_195600,NA,NA,NA,NA,NA
adrb2_195800,NA,NA,NA,NA,NA
adrb2_196000,NA,NA,NA,NA,NA
adrb2_196200,NA,NA,NA,NA,NA
adrb2_196400,NA,NA,NA,NA,NA
adrb2_196600,NA,NA,NA,NA,NA
adrb2_196800,NA,NA,NA,NA,NA
adrb2_197000,NA,NA,NA,NA,NA
adrb2_197200,NA,NA,NA,NA,NA
adrb2_197400,NA,NA,NA,NA,NA
adrb2_197600,NA,NA,NA,NA,NA
adrb2_197800,NA,NA,NA,NA,NA
adrb2_198000,NA,NA,NA,NA,NA
adrb2_198200,NA,NA,NA,NA,NA
adrb2_198400,NA,NA,NA,NA,NA
adrb2_198600,NA,NA,NA,NA,NA
adrb2_198800,NA,NA,NA,NA,NA
adrb2_199000,NA,NA,NA,NA,NA
adrb2_199200,NA,NA,NA,NA,NA
adrb2_199400,NA,NA,NA,NA,NA
adrb2_199600,NA,NA,NA,NA,NA
adrb2_199800,0,5,(36),(63),Y
adrb2_200000,NA,NA,NA,NA,NA
adrb2_200200,NA,NA,NA,NA,NA
adrb2_200400,NA,NA,NA,NA,NA
adrb2_200600,NA,NA,NA,NA,NA
adrb2_200800,NA,NA,NA,NA,NA
adrb2_201000,NA,NA,NA,NA,NA
adrb2_201200,NA,NA,NA,NA,NA
adrb2_201400,NA,NA,NA,NA,NA
adrb2_201600,NA,NA,NA,NA,NA
adrb2_201800,NA,NA,NA,NA,NA
adrb2_202000,NA,NA,NA,NA,NA
adrb2_202200,NA,NA,NA,NA,NA
adrb2_202400,NA,NA,NA,NA,NA
adrb2_202600,NA,NA,NA,NA,NA
adrb2_202800,NA,NA,NA,NA,NA
adrb2_203000,NA,NA,NA,NA,NA
adrb2_203200,NA,NA,NA,NA,NA
adrb2_203400,NA,NA,NA,NA,NA
adrb2_203600,NA,NA,NA,NA,NA
adrb2_203800,NA,NA,NA,NA,NA
adrb2_204000,NA,NA,NA,NA,NA
adrb2_204200,NA,NA,NA,NA,NA
adrb2_204400,NA,NA,NA,NA,NA
adrb2_204600,NA,NA,NA,NA,NA
adrb2_204800,NA,NA,NA,NA,NA
adrb2_205000,NA,NA,NA,NA,NA
adrb2_205200,NA,NA,NA,NA,NA
adrb2_205400,NA,NA,NA,NA,NA
adrb2_205600,NA,NA,NA,NA,NA
adrb2_205800,NA,NA,NA,NA,NA
adrb2_206000,NA,NA,NA,NA,NA
adrb2_206200,NA,NA,NA,NA,NA
adrb2_206400,NA,NA,NA,NA,NA
adrb2_206600,NA,NA,NA,NA,NA
adrb2_206800,(7),10,29,(63),Y
adrb2_207000,1,2,23,(63),Y
adrb2_207200,NA,NA,NA,NA,NA
adrb2_207400,NA,NA,NA,NA,NA
adrb2_207600,NA,NA,NA,NA,NA
adrb2_207800,NA,NA,NA,NA,NA
adrb2_208000,NA,NA,NA,NA,NA
adrb2_208200,NA,NA,NA,NA,NA
adrb2_208400,NA,NA,NA,NA,NA
adrb2_208600,NA,NA,NA,NA,NA
adrb2_208800,NA,NA,NA,NA,NA
adrb2_209000,NA,NA,NA,NA,NA
adrb2_209200,NA,NA,NA,NA,NA
adrb2_209400,NA,NA,NA,NA,NA
adrb2_209600,NA,NA,NA,NA,NA
adrb2_209800,0,0,20,(77),Y
adrb2_210000,NA,NA,NA,NA,NA
adrb2_210200,NA,NA,NA,NA,NA
adrb2_210400,NA,NA,NA,NA,NA
adrb2_210600,NA,NA,NA,NA,NA
adrb2_210800,NA,NA,NA,NA,NA
adrb2_211000,NA,NA,NA,NA,NA
adrb2_211200,NA,NA,NA,NA,NA
adrb2_211400,NA,NA,NA,NA,NA
adrb2_211600,NA,NA,NA,NA,NA
adrb2_211800,NA,NA,NA,NA,NA
adrb2_212000,NA,NA,NA,NA,NA
adrb2_212200,NA,NA,NA,NA,NA
adrb2_212400,NA,NA,NA,NA,NA
adrb2_212600,NA,NA,NA,NA,NA
adrb2_212800,NA,NA,NA,NA,NA
adrb2_213000,NA,NA,NA,NA,NA
adrb2_213200,NA,NA,NA,NA,NA
adrb2_213400,NA,NA,NA,NA,NA
adrb2_213600,NA,NA,NA,NA,NA
adrb2_213800,NA,NA,NA,NA,NA
adrb2_214000,NA,NA,NA,NA,NA
adrb2_214200,NA,NA,NA,NA,NA
adrb2_214400,NA,NA,NA,NA,NA
adrb2_214600,NA,NA,NA,NA,NA
adrb2_214800,NA,NA,NA,NA,NA
adrb2_215000,NA,NA,NA,NA,NA
adrb2_215200,NA,NA,NA,NA,NA
adrb2_215400,NA,NA,NA,NA,NA
adrb2_215600,NA,NA,NA,NA,NA
adrb2_215800,NA,NA,NA,NA,NA
adrb2_216000,NA,NA,NA,NA,NA
adrb2_216200,NA,NA,NA,NA,NA
adrb2_216400,NA,NA,NA,NA,NA
adrb2_216600,NA,NA,NA,NA,NA
adrb2_216800,NA,NA,NA,NA,NA
adrb2_217000,NA,NA,NA,NA,NA
adrb2_217200,NA,NA,NA,NA,NA
adrb2_217400,NA,NA,NA,NA,NA
adrb2_217600,NA,NA,NA,NA,NA
adrb2_217800,NA,NA,NA,NA,NA
adrb2_218000,NA,NA,NA,NA,NA
adrb2_218200,NA,NA,NA,NA,NA
adrb2_218400,NA,NA,NA,NA,NA
adrb2_218600,NA,NA,NA,NA,NA
adrb2_218800,NA,NA,NA,NA,NA
adrb2_219000,NA,NA,NA,NA,NA
adrb2_219200,NA,NA,NA,NA,NA
adrb2_219400,NA,NA,NA,NA,NA
adrb2_219600,NA,NA,NA,NA,NA
adrb2_219800,NA,NA,NA,NA,NA
adrb2_220000,NA,NA,NA,NA,NA
adrb2_220200,NA,NA,NA,NA,NA
adrb2_220400,NA,NA,NA,NA,NA
adrb2_220600,NA,NA,NA,NA,NA
adrb2_220800,NA,NA,NA,NA,NA
adrb2_221000,NA,NA,NA,NA,NA
adrb2_221200,NA,NA,NA,NA,NA
adrb2_221400,NA,NA,NA,NA,NA
adrb2_221600,NA,NA,NA,NA,NA
adrb2_221800,NA,NA,NA,NA,NA
adrb2_222000,NA,NA,NA,NA,NA
adrb2_222200,NA,NA,NA,NA,NA
adrb2_222400,NA,NA,NA,NA,NA
adrb2_222600,NA,NA,NA,NA,NA
adrb2_222800,NA,NA,NA,NA,NA
adrb2_223000,NA,NA,NA,NA,NA
adrb2_223200,NA,NA,NA,NA,NA
adrb2_223400,NA,NA,NA,NA,NA
adrb2_223600,NA,NA,NA,NA,NA
adrb2_223800,NA,NA,NA,NA,NA
adrb2_224000,NA,NA,NA,NA,NA
adrb2_224200,NA,NA,NA,NA,NA
adrb2_224400,2,4,34,(67),Y
adrb2_224600,NA,NA,NA,NA,NA
adrb2_224800,2,2,(35),(71),Y
adrb2_225000,NA,NA,NA,NA,NA
adrb2_225200,NA,NA,NA,NA,NA
adrb2_225800,NA,NA,NA,NA,NA
adrb2_226200,NA,NA,NA,NA,NA
adrb2_226800,NA,NA,NA,NA,NA
adrb2_227000,NA,NA,NA,NA,NA
adrb2_227400,NA,NA,NA,NA,NA
adrb2_228000,NA,NA,NA,NA,NA
adrb2_228200,NA,NA,NA,NA,NA
adrb2_228400,NA,NA,NA,NA,NA
adrb2_228800,(11),(16),(54),(72),Y
adrb2_229000,(7),(13),33,52,Y
adrb2_229200,NA,NA,NA,NA,NA
adrb2_229400,NA,NA,NA,NA,NA
adrb2_229800,NA,NA,NA,NA,NA
adrb2_230200,NA,NA,NA,NA,NA
adrb2_230600,4,7,(35),60,Y
adrb2_230800,NA,NA,NA,NA,NA
adrb2_231400,NA,NA,NA,NA,NA
adrb2_233000,NA,NA,NA,NA,NA
adrb2_233200,(9),(13),(43),61,Y
adrb2_233800,6,(12),(40),62,Y
adrb2_234600,NA,NA,NA,NA,NA
adrb2_235600,NA,NA,NA,NA,NA
adrb2_236800,NA,NA,NA,NA,NA
adrb2_239000,6,(12),30,60,Y
adrb2_239200,NA,NA,NA,NA,NA
adrb2_239600,NA,NA,NA,NA,NA
adrb2_240200,NA,NA,NA,NA,NA
adrb2_240800,(9),(14),31,(63),Y
adrb2_241600,NA,NA,NA,NA,NA
adrb2_242600,NA,NA,NA,NA,NA
adrb2_244600,NA,NA,NA,NA,NA
adrb2_245800,NA,NA,NA,NA,NA
adrb2_246600,NA,NA,NA,NA,NA
adrb2_246800,NA,NA,NA,NA,NA
adrb2_247600,NA,NA,NA,NA,NA
adrb2_247800,NA,NA,NA,NA,NA
adrb2_248200,NA,NA,NA,NA,NA
adrb2_248400,NA,NA,NA,NA,NA
adrb2_248600,NA,NA,NA,NA,NA
adrb2_248800,NA,NA,NA,NA,NA
adrb2_252800,NA,NA,NA,NA,NA
adrb2_261200,NA,NA,NA,NA,NA
adrb2_261400,NA,NA,NA,NA,NA
adrb2_263800,NA,NA,NA,NA,NA
adrb2_271200,1,5,(39),(73),Y
adrb2_272400,NA,NA,NA,NA,NA
adrb2_276400,NA,NA,NA,NA,NA
adrb2_277000,NA,NA,NA,NA,NA
adrb2_279600,NA,NA,NA,NA,NA
adrb2_280800,NA,NA,NA,NA,NA
adrb2_281200,NA,NA,NA,NA,NA
adrb2_281600,NA,NA,NA,NA,NA
adrb2_282200,NA,NA,NA,NA,NA
adrb2_283000,NA,NA,NA,NA,NA
adrb2_284400,NA,NA,NA,NA,NA
adrb2_284600,NA,NA,NA,NA,NA
adrb2_285200,NA,NA,NA,NA,NA
adrb2_285600,NA,NA,NA,NA,NA
adrb2_286200,NA,NA,NA,NA,NA
adrb2_286400,NA,NA,NA,NA,NA
adrb2_286600,NA,NA,NA,NA,NA
adrb2_286800,NA,NA,NA,NA,NA
adrb2_287000,NA,NA,NA,NA,NA
adrb2_287200,NA,NA,NA,NA,NA
adrb2_287600,NA,NA,NA,NA,NA
adrb2_287800,NA,NA,NA,NA,NA
adrb2_288400,NA,NA,NA,NA,NA
adrb2_288600,NA,NA,NA,NA,NA
adrb2_288800,NA,NA,NA,NA,NA
adrb2_289000,NA,NA,NA,NA,NA
adrb2_289200,NA,NA,NA,NA,NA
adrb2_289400,NA,NA,NA,NA,NA
adrb2_289600,NA,NA,NA,NA,NA
adrb2_290000,NA,NA,NA,NA,NA
adrb2_290600,2,5,(35),(69),Y
adrb2_290800,1,2,(35),(63),Y
adrb2_291200,NA,NA,NA,NA,NA
adrb2_291400,NA,NA,NA,NA,NA
adrb2_291600,NA,NA,NA,NA,NA
adrb2_291800,NA,NA,NA,NA,NA
adrb2_292000,NA,NA,NA,NA,NA
adrb2_292200,NA,NA,NA,NA,NA
adrb2_292400,NA,NA,NA,NA,NA
adrb2_292600,NA,NA,NA,NA,NA
adrb2_292800,NA,NA,NA,NA,NA
adrb2_293000,NA,NA,NA,NA,NA
adrb2_293400,NA,NA,NA,NA,NA
adrb2_293600,NA,NA,NA,NA,NA
adrb2_294200,NA,NA,NA,NA,NA
adrb2_294400,NA,NA,NA,NA,NA
adrb2_294800,NA,NA,NA,NA,NA
adrb2_295000,NA,NA,NA,NA,NA
adrb2_295200,NA,NA,NA,NA,NA
adrb2_295600,NA,NA,NA,NA,NA
adrb2_295800,NA,NA,NA,NA,NA
adrb2_296000,NA,NA,NA,NA,NA
adrb2_296200,1,2,32,(66),Y
adrb2_296400,NA,NA,NA,NA,NA
adrb2_296600,NA,NA,NA,NA,NA
adrb2_296800,NA,NA,NA,NA,NA
adrb2_297200,NA,NA,NA,NA,NA
adrb2_297400,NA,NA,NA,NA,NA
adrb2_297600,NA,NA,NA,NA,NA
adrb2_297800,NA,NA,NA,NA,NA
adrb2_298000,NA,NA,NA,NA,NA
adrb2_298200,NA,NA,NA,NA,NA
adrb2_298400,NA,NA,NA,NA,NA
adrb2_298600,NA,NA,NA,NA,NA
adrb2_298800,NA,NA,NA,NA,NA
adrb2_299000,NA,NA,NA,NA,NA
adrb2_299200,5,(12),(51),(81),Y
adrb2_299400,NA,NA,NA,NA,NA
adrb2_299600,NA,NA,NA,NA,NA
adrb2_299800,NA,NA,NA,NA,NA
adrb2_300000,NA,NA,NA,NA,NA
adrb2_300200,NA,NA,NA,NA,NA
adrb2_300400,NA,NA,NA,NA,NA
adrb2_300600,NA,NA,NA,NA,NA
adrb2_300800,(8),9,28,49,Y
adrb2_301000,5,6,(39),(70),Y
adrb2_301200,NA,NA,NA,NA,NA
adrb2_301400,NA,NA,NA,NA,NA
adrb2_301600,NA,NA,NA,NA,NA
adrb2_301800,NA,NA,NA,NA,NA
adrb2_302000,NA,NA,NA,NA,NA
adrb2_302200,NA,NA,NA,NA,NA
adrb2_302400,NA,NA,NA,NA,NA
adrb2_302600,NA,NA,NA,NA,NA
adrb2_302800,NA,NA,NA,NA,NA
adrb2_303000,NA,NA,NA,NA,NA
adrb2_303200,NA,NA,NA,NA,NA
adrb2_303400,NA,NA,NA,NA,NA
adrb2_303600,NA,NA,NA,NA,NA
adrb2_303800,NA,NA,NA,NA,NA
adrb2_304000,NA,NA,NA,NA,NA
adrb2_304200,NA,NA,NA,NA,NA
adrb2_304400,NA,NA,NA,NA,NA
adrb2_304600,NA,NA,NA,NA,NA
adrb2_304800,NA,NA,NA,NA,NA
adrb2_305000,NA,NA,NA,NA,NA
adrb2_305200,NA,NA,NA,NA,NA
adrb2_305400,NA,NA,NA,NA,NA
adrb2_305600,NA,NA,NA,NA,NA
adrb2_305800,NA,NA,NA,NA,NA
adrb2_306000,NA,NA,NA,NA,NA
adrb2_306200,NA,NA,NA,NA,NA
adrb2_306400,NA,NA,NA,NA,NA
adrb2_306600,NA,NA,NA,NA,NA
adrb2_306800,NA,NA,NA,NA,NA
adrb2_307000,NA,NA,NA,NA,NA
adrb2_307200,NA,NA,NA,NA,NA
adrb2_307400,NA,NA,NA,NA,NA
adrb2_307600,NA,NA,NA,NA,NA
adrb2_307800,NA,NA,NA,NA,NA
adrb2_308000,NA,NA,NA,NA,NA
adrb2_308200,NA,NA,NA,NA,NA
adrb2_308400,NA,NA,NA,NA,NA
adrb2_308600,NA,NA,NA,NA,NA
adrb2_308800,NA,NA,NA,NA,NA
adrb2_309000,NA,NA,NA,NA,NA
adrb2_309200,NA,NA,NA,NA,NA
adrb2_309400,NA,NA,NA,NA,NA
adrb2_309800,NA,NA,NA,NA,NA
adrb2_310000,NA,NA,NA,NA,NA
adrb2_310200,NA,NA,NA,NA,NA
adrb2_310400,NA,NA,NA,NA,NA
adrb2_310600,NA,NA,NA,NA,NA
adrb2_310800,NA,NA,NA,NA,NA
adrb2_311000,NA,NA,NA,NA,NA
adrb2_311200,NA,NA,NA,NA,NA
adrb2_311400,NA,NA,NA,NA,NA
adrb2_311600,NA,NA,NA,NA,NA
adrb2_311800,NA,NA,NA,NA,NA
adrb2_312000,NA,NA,NA,NA,NA
adrb2_312200,NA,NA,NA,NA,NA
adrb2_312400,0,3,23,(63),Y
adrb2_312600,NA,NA,NA,NA,NA
adrb2_312800,NA,NA,NA,NA,NA
adrb2_313000,NA,NA,NA,NA,NA
adrb2_313200,(9),(13),33,(67),Y
adrb2_313400,NA,NA,NA,NA,NA
adrb2_313600,NA,NA,NA,NA,NA
adrb2_313800,NA,NA,NA,NA,NA
adrb2_314000,NA,NA,NA,NA,NA
adrb2_314200,NA,NA,NA,NA,NA
adrb2_314400,NA,NA,NA,NA,NA
adrb2_314600,NA,NA,NA,NA,NA
adrb2_314800,NA,NA,NA,NA,NA
adrb2_315000,NA,NA,NA,NA,NA
adrb2_315200,NA,NA,NA,NA,NA
adrb2_315400,NA,NA,NA,NA,NA
adrb2_315600,NA,NA,NA,NA,NA
adrb2_315800,NA,NA,NA,NA,NA
adrb2_316200,NA,NA,NA,NA,NA
adrb2_316400,NA,NA,NA,NA,NA
adrb2_316600,0,4,(38),(78),Y
adrb2_316800,NA,NA,NA,NA,NA
adrb2_317000,NA,NA,NA,NA,NA
adrb2_317200,1,4,(35),(71),Y
adrb2_317400,NA,NA,NA,NA,NA
adrb2_317600,NA,NA,NA,NA,NA
adrb2_317800,NA,NA,NA,NA,NA
adrb2_318000,NA,NA,NA,NA,NA
adrb2_318200,NA,NA,NA,NA,NA
adrb2_318400,NA,NA,NA,NA,NA
adrb2_318600,NA,NA,NA,NA,NA
adrb2_318800,NA,NA,NA,NA,NA
adrb2_319000,NA,NA,NA,NA,NA
adrb2_319200,NA,NA,NA,NA,NA
adrb2_319400,NA,NA,NA,NA,NA
adrb2_319600,NA,NA,NA,NA,NA
adrb2_319800,NA,NA,NA,NA,NA
adrb2_320000,NA,NA,NA,NA,NA
adrb2_320200,NA,NA,NA,NA,NA
adrb2_320400,NA,NA,NA,NA,NA
adrb2_320600,NA,NA,NA,NA,NA
adrb2_320800,NA,NA,NA,NA,NA
adrb2_321000,NA,NA,NA,NA,NA
adrb2_321200,2,5,32,(74),Y
adrb2_321400,NA,NA,NA,NA,NA
adrb2_321600,NA,NA,NA,NA,NA
adrb2_321800,NA,NA,NA,NA,NA
adrb2_322000,NA,NA,NA,NA,NA
adrb2_322200,NA,NA,NA,NA,NA
adrb2_322400,NA,NA,NA,NA,NA
adrb2_322800,NA,NA,NA,NA,NA
adrb2_323000,NA,NA,NA,NA,NA
adrb2_323200,NA,NA,NA,NA,NA
adrb2_323400,1,2,(38),(72),Y
adrb2_323600,NA,NA,NA,NA,NA
adrb2_323800,NA,NA,NA,NA,NA
adrb2_324000,NA,NA,NA,NA,NA
adrb2_324200,NA,NA,NA,NA,NA
adrb2_324400,NA,NA,NA,NA,NA
adrb2_324600,NA,NA,NA,NA,NA
adrb2_324800,NA,NA,NA,NA,NA
adrb2_325000,NA,NA,NA,NA,NA
adrb2_325200,NA,NA,NA,NA,NA
adrb2_325400,NA,NA,NA,NA,NA
adrb2_325600,NA,NA,NA,NA,NA
adrb2_325800,NA,NA,NA,NA,NA
adrb2_326200,NA,NA,NA,NA,NA
adrb2_326400,NA,NA,NA,NA,NA
adrb2_326600,NA,NA,NA,NA,NA
adrb2_326800,NA,NA,NA,NA,NA
adrb2_327600,2,7,33,(77),Y
adrb2_328000,NA,NA,NA,NA,NA
adrb2_328200,NA,NA,NA,NA,NA
adrb2_328600,NA,NA,NA,NA,NA
adrb2_329000,2,4,(42),(73),Y
adrb2_329200,NA,NA,NA,NA,NA
adrb2_329400,NA,NA,NA,NA,NA
adrb2_329600,NA,NA,NA,NA,NA
adrb2_329800,NA,NA,NA,NA,NA
adrb2_330000,NA,NA,NA,NA,NA
adrb2_330200,NA,NA,NA,NA,NA
adrb2_330400,NA,NA,NA,NA,NA
adrb2_330600,NA,NA,NA,NA,NA
adrb2_330800,NA,NA,NA,NA,NA
adrb2_331000,NA,NA,NA,NA,NA
adrb2_331200,NA,NA,NA,NA,NA
adrb2_331400,NA,NA,NA,NA,NA
adrb2_331600,NA,NA,NA,NA,NA
adrb2_331800,NA,NA,NA,NA,NA
adrb2_332200,NA,NA,NA,NA,NA
adrb2_332400,6,(12),(47),(82),Y
adrb2_332600,NA,NA,NA,NA,NA
adrb2_332800,NA,NA,NA,NA,NA
adrb2_333200,NA,NA,NA,NA,NA
adrb2_333400,NA,NA,NA,NA,NA
adrb2_333600,2,9,(41),(78),Y
adrb2_333800,NA,NA,NA,NA,NA
adrb2_334000,NA,NA,NA,NA,NA
adrb2_334200,NA,NA,NA,NA,NA
adrb2_334400,NA,NA,NA,NA,NA
adrb2_334600,NA,NA,NA,NA,NA
adrb2_334800,NA,NA,NA,NA,NA
adrb2_335000,NA,NA,NA,NA,NA
adrb2_335200,5,6,32,(72),Y
adrb2_335400,NA,NA,NA,NA,NA
adrb2_335600,NA,NA,NA,NA,NA
adrb2_335800,NA,NA,NA,NA,NA
adrb2_336000,(7),10,(37),52,Y
adrb2_336200,NA,NA,NA,NA,NA
adrb2_336400,NA,NA,NA,NA,NA
adrb2_336600,NA,NA,NA,NA,NA
adrb2_336800,NA,NA,NA,NA,NA
adrb2_337000,NA,NA,NA,NA,NA
adrb2_337200,NA,NA,NA,NA,NA
adrb2_337400,NA,NA,NA,NA,NA
adrb2_337600,NA,NA,NA,NA,NA
adrb2_337800,5,8,(38),61,Y
adrb2_338000,NA,NA,NA,NA,NA
adrb2_338200,NA,NA,NA,NA,NA
adrb2_338400,NA,NA,NA,NA,NA
adrb2_338600,NA,NA,NA,NA,NA
adrb2_338800,4,5,28,(73),Y
adrb2_339000,NA,NA,NA,NA,NA
adrb2_339200,(9),(14),(59),(95),Y
adrb2_339400,NA,NA,NA,NA,NA
adrb2_339600,NA,NA,NA,NA,NA
adrb2_339800,NA,NA,NA,NA,NA
adrb2_340000,NA,NA,NA,NA,NA
adrb2_340200,NA,NA,NA,NA,NA
adrb2_340600,NA,NA,NA,NA,NA
adrb2_340800,2,7,(55),(85),Y
adrb2_341000,NA,NA,NA,NA,NA
adrb2_341400,NA,NA,NA,NA,NA
adrb2_341800,NA,NA,NA,NA,NA
adrb2_342000,NA,NA,NA,NA,NA
adrb2_342200,5,10,(45),(72),Y
adrb2_342400,NA,NA,NA,NA,NA
adrb2_342600,NA,NA,NA,NA,NA
adrb2_342800,NA,NA,NA,NA,NA
adrb2_343000,4,8,31,(64),Y
adrb2_343200,NA,NA,NA,NA,NA
adrb2_343400,NA,NA,NA,NA,NA
adrb2_343600,NA,NA,NA,NA,NA
adrb2_343800,NA,NA,NA,NA,NA
adrb2_344000,2,5,(42),(70),Y
adrb2_344200,NA,NA,NA,NA,NA
adrb2_344400,NA,NA,NA,NA,NA
adrb2_344600,NA,NA,NA,NA,NA
adrb2_344800,NA,NA,NA,NA,NA
adrb2_345000,NA,NA,NA,NA,NA
adrb2_345200,0,2,27,(64),Y
adrb2_345400,NA,NA,NA,NA,NA
adrb2_345600,NA,NA,NA,NA,NA
adrb2_345800,NA,NA,NA,NA,NA
adrb2_346000,NA,NA,NA,NA,NA
adrb2_346200,NA,NA,NA,NA,NA
adrb2_346400,NA,NA,NA,NA,NA
adrb2_346600,3,9,33,(71),Y
adrb2_346800,NA,NA,NA,NA,NA
adrb2_347000,NA,NA,NA,NA,NA
adrb2_347200,NA,NA,NA,NA,NA
adrb2_347400,NA,NA,NA,NA,NA
adrb2_347600,NA,NA,NA,NA,NA
adrb2_347800,NA,NA,NA,NA,NA
adrb2_348000,NA,NA,NA,NA,NA
adrb2_348200,NA,NA,NA,NA,NA
adrb2_348400,NA,NA,NA,NA,NA
adrb2_348600,NA,NA,NA,NA,NA
adrb2_348800,NA,NA,NA,NA,NA
adrb2_349000,NA,NA,NA,NA,NA
adrb2_349200,1,5,(36),54,Y
adrb2_349400,NA,NA,NA,NA,NA
adrb2_349600,NA,NA,NA,NA,NA
adrb2_349800,NA,NA,NA,NA,NA
adrb2_350000,NA,NA,NA,NA,NA
adrb2_350200,NA,NA,NA,NA,NA
adrb2_350400,NA,NA,NA,NA,NA
adrb2_350600,NA,NA,NA,NA,NA
adrb2_350800,NA,NA,NA,NA,NA
adrb2_351000,NA,NA,NA,NA,NA
adrb2_351200,NA,NA,NA,NA,NA
adrb2_351400,NA,NA,NA,NA,NA
adrb2_351600,NA,NA,NA,NA,NA
adrb2_351800,NA,NA,NA,NA,NA
adrb2_352000,1,6,(37),49,Y
adrb2_352200,5,8,(50),(67),Y
adrb2_352400,NA,NA,NA,NA,NA
adrb2_352600,NA,NA,NA,NA,NA
adrb2_352800,NA,NA,NA,NA,NA
adrb2_353000,NA,NA,NA,NA,NA
adrb2_353200,NA,NA,NA,NA,NA
adrb2_353400,NA,NA,NA,NA,NA
adrb2_353600,NA,NA,NA,NA,NA
adrb2_353800,NA,NA,NA,NA,NA
adrb2_354000,NA,NA,NA,NA,NA
adrb2_354200,NA,NA,NA,NA,NA
adrb2_354400,NA,NA,NA,NA,NA
adrb2_354600,1,3,32,(64),Y
adrb2_354800,NA,NA,NA,NA,NA
adrb2_355000,NA,NA,NA,NA,NA
adrb2_355200,NA,NA,NA,NA,NA
adrb2_355400,3,8,30,(70),Y
adrb2_355600,NA,NA,NA,NA,NA
adrb2_355800,3,4,(52),(88),Y
adrb2_356000,NA,NA,NA,NA,NA
adrb2_356200,NA,NA,NA,NA,NA
adrb2_356400,NA,NA,NA,NA,NA
adrb2_356600,NA,NA,NA,NA,NA
adrb2_356800,NA,NA,NA,NA,NA
adrb2_357000,3,4,(40),(70),Y
adrb2_357200,NA,NA,NA,NA,NA
adrb2_357400,NA,NA,NA,NA,NA
adrb2_357600,NA,NA,NA,NA,NA
adrb2_357800,NA,NA,NA,NA,NA
adrb2_358000,NA,NA,NA,NA,NA
adrb2_358200,NA,NA,NA,NA,NA
adrb2_358400,NA,NA,NA,NA,NA
adrb2_358600,NA,NA,NA,NA,NA
adrb2_358800,NA,NA,NA,NA,NA
adrb2_359000,NA,NA,NA,NA,NA
adrb2_359200,NA,NA,NA,NA,NA
adrb2_359400,NA,NA,NA,NA,NA
adrb2_359600,NA,NA,NA,NA,NA
adrb2_359800,NA,NA,NA,NA,NA
adrb2_360000,NA,NA,NA,NA,NA
adrb2_360400,0,7,34,(64),Y
adrb2_360600,NA,NA,NA,NA,NA
adrb2_360800,NA,NA,NA,NA,NA
adrb2_361000,NA,NA,NA,NA,NA
adrb2_361200,NA,NA,NA,NA,NA
adrb2_361400,NA,NA,NA,NA,NA
adrb2_361600,NA,NA,NA,NA,NA
adrb2_361800,NA,NA,NA,NA,NA
adrb2_362000,NA,NA,NA,NA,NA
adrb2_362200,NA,NA,NA,NA,NA
adrb2_362400,NA,NA,NA,NA,NA
adrb2_362600,NA,NA,NA,NA,NA
adrb2_362800,NA,NA,NA,NA,NA
adrb2_363000,NA,NA,NA,NA,NA
adrb2_363200,NA,NA,NA,NA,NA
adrb2_363400,NA,NA,NA,NA,NA
adrb2_363600,NA,NA,NA,NA,NA
adrb2_363800,NA,NA,NA,NA,NA
adrb2_364000,NA,NA,NA,NA,NA
adrb2_364200,2,7,(36),54,Y
adrb2_364400,NA,NA,NA,NA,NA
adrb2_364600,NA,NA,NA,NA,NA
adrb2_364800,NA,NA,NA,NA,NA
adrb2_365000,NA,NA,NA,NA,NA
adrb2_365200,NA,NA,NA,NA,NA
adrb2_365400,NA,NA,NA,NA,NA
adrb2_365600,NA,NA,NA,NA,NA
adrb2_365800,NA,NA,NA,NA,NA
adrb2_366000,NA,NA,NA,NA,NA
adrb2_366200,NA,NA,NA,NA,NA
adrb2_366400,NA,NA,NA,NA,NA
adrb2_366600,NA,NA,NA,NA,NA
adrb2_366800,NA,NA,NA,NA,NA
adrb2_367000,NA,NA,NA,NA,NA
adrb2_367200,NA,NA,NA,NA,NA
adrb2_367400,NA,NA,NA,NA,NA
adrb2_367600,NA,NA,NA,NA,NA
adrb2_367800,NA,NA,NA,NA,NA
adrb2_368000,NA,NA,NA,NA,NA
adrb2_368200,NA,NA,NA,NA,NA
adrb2_368400,NA,NA,NA,NA,NA
adrb2_368600,NA,NA,NA,NA,NA
adrb2_368800,NA,NA,NA,NA,NA
adrb2_369000,NA,NA,NA,NA,NA
adrb2_369200,NA,NA,NA,NA,NA
adrb2_369400,3,6,22,(66),Y
adrb2_369600,NA,NA,NA,NA,NA
adrb2_369800,NA,NA,NA,NA,NA
adrb2_370000,(7),7,33,53,Y
adrb2_370200,6,(11),(36),60,Y
adrb2_370400,NA,NA,NA,NA,NA
adrb2_370600,2,6,(38),(72),Y
adrb2_370800,NA,NA,NA,NA,NA
adrb2_371000,NA,NA,NA,NA,NA
adrb2_371200,NA,NA,NA,NA,NA
adrb2_371400,NA,NA,NA,NA,NA
adrb2_371600,NA,NA,NA,NA,NA
adrb2_371800,NA,NA,NA,NA,NA
adrb2_372000,NA,NA,NA,NA,NA
adrb2_372200,NA,NA,NA,NA,NA
adrb2_372400,1,7,(40),(63),Y
adrb2_372600,NA,NA,NA,NA,NA
adrb2_372800,NA,NA,NA,NA,NA
adrb2_373000,NA,NA,NA,NA,NA
adrb2_373200,NA,NA,NA,NA,NA
adrb2_373400,NA,NA,NA,NA,NA
adrb2_373600,NA,NA,NA,NA,NA
adrb2_373800,NA,NA,NA,NA,NA
adrb2_374000,NA,NA,NA,NA,NA
adrb2_374200,NA,NA,NA,NA,NA
adrb2_374400,NA,NA,NA,NA,NA
adrb2_374600,NA,NA,NA,NA,NA
adrb2_374800,NA,NA,NA,NA,NA
adrb2_375000,NA,NA,NA,NA,NA
adrb2_375200,NA,NA,NA,NA,NA
adrb2_375400,NA,NA,NA,NA,NA
adrb2_375600,NA,NA,NA,NA,NA
adrb2_375800,NA,NA,NA,NA,NA
adrb2_376000,NA,NA,NA,NA,NA
adrb2_376200,2,6,(35),54,Y
adrb2_376400,NA,NA,NA,NA,NA
adrb2_376600,NA,NA,NA,NA,NA
adrb2_376800,NA,NA,NA,NA,NA
adrb2_377000,NA,NA,NA,NA,NA
adrb2_377200,NA,NA,NA,NA,NA
adrb2_377400,NA,NA,NA,NA,NA
adrb2_377800,NA,NA,NA,NA,NA
adrb2_378000,NA,NA,NA,NA,NA
adrb2_378200,NA,NA,NA,NA,NA
adrb2_378400,NA,NA,NA,NA,NA
adrb2_378600,NA,NA,NA,NA,NA
adrb2_378800,NA,NA,NA,NA,NA
adrb2_379000,NA,NA,NA,NA,NA
adrb2_379200,NA,NA,NA,NA,NA
adrb2_379400,NA,NA,NA,NA,NA
adrb2_379600,NA,NA,NA,NA,NA
adrb2_379800,NA,NA,NA,NA,NA
adrb2_380000,NA,NA,NA,NA,NA
adrb2_380200,NA,NA,NA,NA,NA
adrb2_380400,NA,NA,NA,NA,NA
adrb2_380600,NA,NA,NA,NA,NA
adrb2_380800,NA,NA,NA,NA,NA
adrb2_381000,NA,NA,NA,NA,NA
adrb2_381200,NA,NA,NA,NA,NA
adrb2_381400,NA,NA,NA,NA,NA
adrb2_381600,NA,NA,NA,NA,NA
adrb2_381800,NA,NA,NA,NA,NA
adrb2_382000,NA,NA,NA,NA,NA
adrb2_382200,NA,NA,NA,NA,NA
adrb2_382400,NA,NA,NA,NA,NA
adrb2_382600,NA,NA,NA,NA,NA
adrb2_382800,NA,NA,NA,NA,NA
adrb2_383000,NA,NA,NA,NA,NA
adrb2_383200,NA,NA,NA,NA,NA
adrb2_383400,NA,NA,NA,NA,NA
adrb2_383600,NA,NA,NA,NA,NA
adrb2_383800,NA,NA,NA,NA,NA
adrb2_384000,NA,NA,NA,NA,NA
adrb2_384200,NA,NA,NA,NA,NA
adrb2_384400,NA,NA,NA,NA,NA
adrb2_384600,NA,NA,NA,NA,NA
adrb2_384800,NA,NA,NA,NA,NA
adrb2_385000,NA,NA,NA,NA,NA
adrb2_385200,NA,NA,NA,NA,NA
adrb2_385400,NA,NA,NA,NA,NA
adrb2_385600,NA,NA,NA,NA,NA
adrb2_385800,NA,NA,NA,NA,NA
adrb2_386000,NA,NA,NA,NA,NA
adrb2_386200,NA,NA,NA,NA,NA
adrb2_386400,NA,NA,NA,NA,NA
adrb2_386600,NA,NA,NA,NA,NA
adrb2_386800,3,7,26,(69),Y
adrb2_387000,NA,NA,NA,NA,NA
adrb2_387200,NA,NA,NA,NA,NA
adrb2_387400,NA,NA,NA,NA,NA
adrb2_387600,NA,NA,NA,NA,NA
adrb2_387800,NA,NA,NA,NA,NA
adrb2_388000,NA,NA,NA,NA,NA
adrb2_388200,NA,NA,NA,NA,NA
adrb2_388400,(8),(11),(40),(64),Y
adrb2_388600,1,3,(36),61,Y
adrb2_388800,NA,NA,NA,NA,NA
adrb2_389000,NA,NA,NA,NA,NA
adrb2_389200,NA,NA,NA,NA,NA
adrb2_389400,NA,NA,NA,NA,NA
adrb2_389600,NA,NA,NA,NA,NA
adrb2_389800,NA,NA,NA,NA,NA
adrb2_390000,NA,NA,NA,NA,NA
adrb2_390200,NA,NA,NA,NA,NA
adrb2_390400,NA,NA,NA,NA,NA
adrb2_390600,NA,NA,NA,NA,NA
adrb2_390800,NA,NA,NA,NA,NA
adrb2_391000,1,5,29,(68),Y
adrb2_391200,5,7,(36),(65),Y
adrb2_391400,NA,NA,NA,NA,NA
adrb2_391600,NA,NA,NA,NA,NA
adrb2_391800,NA,NA,NA,NA,NA
adrb2_392000,NA,NA,NA,NA,NA
adrb2_392200,NA,NA,NA,NA,NA
adrb2_392400,NA,NA,NA,NA,NA
adrb2_392600,NA,NA,NA,NA,NA
adrb2_392800,NA,NA,NA,NA,NA
adrb2_393000,NA,NA,NA,NA,NA
adrb2_393200,NA,NA,NA,NA,NA
adrb2_393400,NA,NA,NA,NA,NA
adrb2_393600,NA,NA,NA,NA,NA
adrb2_393800,NA,NA,NA,NA,NA
adrb2_394000,NA,NA,NA,NA,NA
adrb2_394400,NA,NA,NA,NA,NA
adrb2_394600,(8),(14),(42),(71),Y
adrb2_394800,NA,NA,NA,NA,NA
adrb2_395000,NA,NA,NA,NA,NA
adrb2_395200,NA,NA,NA,NA,NA
adrb2_395400,NA,NA,NA,NA,NA
adrb2_395600,NA,NA,NA,NA,NA
adrb2_395800,NA,NA,NA,NA,NA
adrb2_396200,NA,NA,NA,NA,NA
adrb2_396600,NA,NA,NA,NA,NA
adrb2_396800,NA,NA,NA,NA,NA
adrb2_397000,NA,NA,NA,NA,NA
adrb2_397200,3,6,(39),(80),Y
adrb2_397400,NA,NA,NA,NA,NA
adrb2_397600,NA,NA,NA,NA,NA
adrb2_397800,NA,NA,NA,NA,NA
adrb2_398000,NA,NA,NA,NA,NA
adrb2_398200,NA,NA,NA,NA,NA
adrb2_398400,NA,NA,NA,NA,NA
adrb2_398600,NA,NA,NA,NA,NA
adrb2_398800,NA,NA,NA,NA,NA
adrb2_399000,NA,NA,NA,NA,NA
adrb2_399200,NA,NA,NA,NA,NA
adrb2_399400,NA,NA,NA,NA,NA
adrb2_399600,NA,NA,NA,NA,NA
adrb2_399800,NA,NA,NA,NA,NA
adrb2_400000,NA,NA,NA,NA,NA
adrb2_400200,NA,NA,NA,NA,NA
adrb2_400400,NA,NA,NA,NA,NA
adrb2_400600,NA,NA,NA,NA,NA
adrb2_400800,NA,NA,NA,NA,NA
adrb2_401000,NA,NA,NA,NA,NA
adrb2_401200,NA,NA,NA,NA,NA
adrb2_401400,NA,NA,NA,NA,NA
adrb2_401600,NA,NA,NA,NA,NA
adrb2_401800,NA,NA,NA,NA,NA
adrb2_402000,NA,NA,NA,NA,NA
adrb2_402200,NA,NA,NA,NA,NA
adrb2_402400,NA,NA,NA,NA,NA
adrb2_402600,NA,NA,NA,NA,NA
adrb2_402800,NA,NA,NA,NA,NA
adrb2_403000,NA,NA,NA,NA,NA
adrb2_403400,NA,NA,NA,NA,NA
adrb2_403600,NA,NA,NA,NA,NA
adrb2_403800,NA,NA,NA,NA,NA
adrb2_404000,NA,NA,NA,NA,NA
adrb2_404200,NA,NA,NA,NA,NA
adrb2_404400,NA,NA,NA,NA,NA
adrb2_404600,NA,NA,NA,NA,NA
adrb2_404800,NA,NA,NA,NA,NA
adrb2_405000,NA,NA,NA,NA,NA
adrb2_405200,NA,NA,NA,NA,NA
adrb2_405400,NA,NA,NA,NA,NA
adrb2_405600,NA,NA,NA,NA,NA
adrb2_405800,NA,NA,NA,NA,NA
adrb2_406000,NA,NA,NA,NA,NA
adrb2_406200,NA,NA,NA,NA,NA
adrb2_406400,NA,NA,NA,NA,NA
adrb2_406600,NA,NA,NA,NA,NA
adrb2_407000,NA,NA,NA,NA,NA
adrb2_407200,NA,NA,NA,NA,NA
adrb2_407400,NA,NA,NA,NA,NA
adrb2_407600,2,5,27,(63),Y
adrb2_407800,NA,NA,NA,NA,NA
adrb2_408000,NA,NA,NA,NA,NA
adrb2_408200,NA,NA,NA,NA,NA
adrb2_408400,NA,NA,NA,NA,NA
adrb2_408600,NA,NA,NA,NA,NA
adrb2_408800,NA,NA,NA,NA,NA
adrb2_409000,NA,NA,NA,NA,NA
adrb2_409200,NA,NA,NA,NA,NA
adrb2_409400,NA,NA,NA,NA,NA
adrb2_409600,NA,NA,NA,NA,NA
adrb2_409800,NA,NA,NA,NA,NA
adrb2_410000,NA,NA,NA,NA,NA
adrb2_410200,3,6,27,(69),Y
adrb2_410400,NA,NA,NA,NA,NA
adrb2_410600,NA,NA,NA,NA,NA
adrb2_411000,NA,NA,NA,NA,NA
adrb2_411200,NA,NA,NA,NA,NA
adrb2_411400,NA,NA,NA,NA,NA
adrb2_411600,NA,NA,NA,NA,NA
adrb2_411800,NA,NA,NA,NA,NA
adrb2_412000,NA,NA,NA,NA,NA
adrb2_412200,NA,NA,NA,NA,NA
adrb2_412400,NA,NA,NA,NA,NA
adrb2_412600,NA,NA,NA,NA,NA
adrb2_412800,NA,NA,NA,NA,NA
adrb2_413000,NA,NA,NA,NA,NA
adrb2_413200,NA,NA,NA,NA,NA
adrb2_413400,NA,NA,NA,NA,NA
adrb2_413600,NA,NA,NA,NA,NA
adrb2_413800,NA,NA,NA,NA,NA
adrb2_414000,4,4,(36),(79),Y
adrb2_414200,NA,NA,NA,NA,NA
adrb2_414400,NA,NA,NA,NA,NA
adrb2_414600,NA,NA,NA,NA,NA
adrb2_414800,NA,NA,NA,NA,NA
adrb2_415000,NA,NA,NA,NA,NA
adrb2_415200,NA,NA,NA,NA,NA
adrb2_415400,NA,NA,NA,NA,NA
adrb2_415600,NA,NA,NA,NA,NA
adrb2_415800,NA,NA,NA,NA,NA
adrb2_416000,NA,NA,NA,NA,NA
adrb2_416200,NA,NA,NA,NA,NA
adrb2_416400,NA,NA,NA,NA,NA
adrb2_416600,NA,NA,NA,NA,NA
adrb2_416800,NA,NA,NA,NA,NA
adrb2_417000,NA,NA,NA,NA,NA
adrb2_417200,(8),10,31,51,Y
adrb2_417400,NA,NA,NA,NA,NA
adrb2_417600,NA,NA,NA,NA,NA
adrb2_417800,NA,NA,NA,NA,NA
adrb2_418000,NA,NA,NA,NA,NA
adrb2_418200,NA,NA,NA,NA,NA
adrb2_418400,NA,NA,NA,NA,NA
adrb2_418600,NA,NA,NA,NA,NA
adrb2_418800,NA,NA,NA,NA,NA
adrb2_419000,NA,NA,NA,NA,NA
adrb2_419200,NA,NA,NA,NA,NA
adrb2_419400,NA,NA,NA,NA,NA
adrb2_419600,NA,NA,NA,NA,NA
adrb2_419800,NA,NA,NA,NA,NA
adrb2_420000,NA,NA,NA,NA,NA
adrb2_420200,NA,NA,NA,NA,NA
adrb2_420400,NA,NA,NA,NA,NA
adrb2_420600,NA,NA,NA,NA,NA
adrb2_420800,NA,NA,NA,NA,NA
adrb2_421000,NA,NA,NA,NA,NA
adrb2_421200,NA,NA,NA,NA,NA
adrb2_421400,NA,NA,NA,NA,NA
adrb2_421600,NA,NA,NA,NA,NA
adrb2_421800,2,6,(35),56,Y
adrb2_422000,NA,NA,NA,NA,NA
adrb2_422200,NA,NA,NA,NA,NA
adrb2_422400,NA,NA,NA,NA,NA
adrb2_422600,NA,NA,NA,NA,NA
adrb2_422800,NA,NA,NA,NA,NA
adrb2_423000,NA,NA,NA,NA,NA
adrb2_423200,NA,NA,NA,NA,NA
adrb2_423400,NA,NA,NA,NA,NA
adrb2_423600,NA,NA,NA,NA,NA
adrb2_424000,NA,NA,NA,NA,NA
adrb2_424200,NA,NA,NA,NA,NA
adrb2_424400,NA,NA,NA,NA,NA
adrb2_424600,NA,NA,NA,NA,NA
adrb2_424800,3,8,30,(66),Y
adrb2_425000,NA,NA,NA,NA,NA
adrb2_425200,NA,NA,NA,NA,NA
adrb2_425400,NA,NA,NA,NA,NA
adrb2_425600,NA,NA,NA,NA,NA
adrb2_425800,NA,NA,NA,NA,NA
adrb2_426000,(7),8,(35),(64),Y
adrb2_426200,NA,NA,NA,NA,NA
adrb2_426400,NA,NA,NA,NA,NA
adrb2_426600,NA,NA,NA,NA,NA
adrb2_426800,NA,NA,NA,NA,NA
adrb2_427000,NA,NA,NA,NA,NA
adrb2_427200,NA,NA,NA,NA,NA
adrb2_427400,NA,NA,NA,NA,NA
adrb2_427600,NA,NA,NA,NA,NA
adrb2_427800,1,6,25,(66),Y
adrb2_428000,NA,NA,NA,NA,NA
adrb2_428200,NA,NA,NA,NA,NA
adrb2_428400,NA,NA,NA,NA,NA
adrb2_428600,NA,NA,NA,NA,NA
adrb2_428800,NA,NA,NA,NA,NA
adrb2_429000,NA,NA,NA,NA,NA
adrb2_429200,NA,NA,NA,NA,NA
adrb2_429400,NA,NA,NA,NA,NA
adrb2_429600,(8),8,33,(64),Y
adrb2_429800,NA,NA,NA,NA,NA
adrb2_430000,NA,NA,NA,NA,NA
adrb2_430200,NA,NA,NA,NA,NA
adrb2_430400,NA,NA,NA,NA,NA
adrb2_430600,NA,NA,NA,NA,NA
adrb2_430800,NA,NA,NA,NA,NA
adrb2_431000,NA,NA,NA,NA,NA
adrb2_431200,NA,NA,NA,NA,NA
adrb2_431400,NA,NA,NA,NA,NA
adrb2_431600,NA,NA,NA,NA,NA
adrb2_431800,NA,NA,NA,NA,NA
adrb2_432200,NA,NA,NA,NA,NA
adrb2_432400,NA,NA,NA,NA,NA
adrb2_432600,NA,NA,NA,NA,NA
adrb2_432800,NA,NA,NA,NA,NA
adrb2_433000,NA,NA,NA,NA,NA
adrb2_433200,NA,NA,NA,NA,NA
adrb2_433400,NA,NA,NA,NA,NA
adrb2_433600,NA,NA,NA,NA,NA
adrb2_433800,NA,NA,NA,NA,NA
adrb2_434000,2,5,(37),(69),Y
adrb2_434200,NA,NA,NA,NA,NA
adrb2_434400,NA,NA,NA,NA,NA
adrb2_434600,NA,NA,NA,NA,NA
adrb2_434800,NA,NA,NA,NA,NA
adrb2_435000,NA,NA,NA,NA,NA
adrb2_435200,NA,NA,NA,NA,NA
adrb2_435400,NA,NA,NA,NA,NA
adrb2_435600,NA,NA,NA,NA,NA
adrb2_435800,NA,NA,NA,NA,NA
adrb2_436000,NA,NA,NA,NA,NA
adrb2_436200,NA,NA,NA,NA,NA
adrb2_436400,NA,NA,NA,NA,NA
adrb2_436600,NA,NA,NA,NA,NA
adrb2_436800,NA,NA,NA,NA,NA
adrb2_437000,NA,NA,NA,NA,NA
adrb2_437200,NA,NA,NA,NA,NA
adrb2_437400,NA,NA,NA,NA,NA
adrb2_437600,NA,NA,NA,NA,NA
adrb2_437800,NA,NA,NA,NA,NA
adrb2_438000,NA,NA,NA,NA,NA
adrb2_438200,NA,NA,NA,NA,NA
adrb2_438400,NA,NA,NA,NA,NA
adrb2_438600,NA,NA,NA,NA,NA
adrb2_438800,NA,NA,NA,NA,NA
adrb2_439000,NA,NA,NA,NA,NA
adrb2_439200,NA,NA,NA,NA,NA
adrb2_439400,NA,NA,NA,NA,NA
adrb2_439600,NA,NA,NA,NA,NA
adrb2_439800,NA,NA,NA,NA,NA
adrb2_440000,NA,NA,NA,NA,NA
adrb2_440200,NA,NA,NA,NA,NA
adrb2_440400,NA,NA,NA,NA,NA
adrb2_440600,NA,NA,NA,NA,NA
adrb2_440800,NA,NA,NA,NA,NA
adrb2_441000,NA,NA,NA,NA,NA
adrb2_441200,NA,NA,NA,NA,NA
adrb2_441400,NA,NA,NA,NA,NA
adrb2_441600,NA,NA,NA,NA,NA
adrb2_441800,NA,NA,NA,NA,NA
adrb2_442000,NA,NA,NA,NA,NA
adrb2_442200,NA,NA,NA,NA,NA
adrb2_442400,NA,NA,NA,NA,NA
adrb2_442600,NA,NA,NA,NA,NA
adrb2_442800,NA,NA,NA,NA,NA
adrb2_443000,NA,NA,NA,NA,NA
adrb2_443200,NA,NA,NA,NA,NA
adrb2_443400,NA,NA,NA,NA,NA
adrb2_443600,NA,NA,NA,NA,NA
adrb2_443800,NA,NA,NA,NA,NA
adrb2_444000,NA,NA,NA,NA,NA
adrb2_444200,1,6,33,(63),Y
adrb2_444400,2,5,25,(64),Y
adrb2_444600,NA,NA,NA,NA,NA
adrb2_444800,NA,NA,NA,NA,NA
adrb2_445000,4,7,(36),51,Y
adrb2_445200,NA,NA,NA,NA,NA
adrb2_445400,NA,NA,NA,NA,NA
adrb2_445600,NA,NA,NA,NA,NA
adrb2_445800,NA,NA,NA,NA,NA
adrb2_446000,NA,NA,NA,NA,NA
adrb2_446200,NA,NA,NA,NA,NA
adrb2_446400,NA,NA,NA,NA,NA
adrb2_446600,3,7,(37),62,Y
adrb2_446800,NA,NA,NA,NA,NA
adrb2_447000,NA,NA,NA,NA,NA
adrb2_447200,NA,NA,NA,NA,NA
adrb2_447400,NA,NA,NA,NA,NA
adrb2_447600,NA,NA,NA,NA,NA
adrb2_447800,NA,NA,NA,NA,NA
adrb2_448000,NA,NA,NA,NA,NA
adrb2_448200,NA,NA,NA,NA,NA
adrb2_448400,NA,NA,NA,NA,NA
adrb2_448600,NA,NA,NA,NA,NA
adrb2_448800,5,8,(38),(66),Y
adrb2_449000,NA,NA,NA,NA,NA
adrb2_449200,NA,NA,NA,NA,NA
adrb2_449400,NA,NA,NA,NA,NA
adrb2_449600,NA,NA,NA,NA,NA
adrb2_449800,NA,NA,NA,NA,NA
adrb2_450000,NA,NA,NA,NA,NA
adrb2_450200,NA,NA,NA,NA,NA
adrb2_450400,NA,NA,NA,NA,NA
adrb2_450600,NA,NA,NA,NA,NA
adrb2_450800,NA,NA,NA,NA,NA
adrb2_451000,NA,NA,NA,NA,NA
adrb2_451200,NA,NA,NA,NA,NA
adrb2_451400,NA,NA,NA,NA,NA
adrb2_451600,NA,NA,NA,NA,NA
adrb2_451800,NA,NA,NA,NA,NA
adrb2_452000,NA,NA,NA,NA,NA
adrb2_452200,NA,NA,NA,NA,NA
adrb2_452400,NA,NA,NA,NA,NA
adrb2_452600,NA,NA,NA,NA,NA
adrb2_452800,NA,NA,NA,NA,NA
adrb2_453000,NA,NA,NA,NA,NA
adrb2_453200,NA,NA,NA,NA,NA
adrb2_453400,NA,NA,NA,NA,NA
adrb2_453600,NA,NA,NA,NA,NA
adrb2_453800,NA,NA,NA,NA,NA
adrb2_454000,NA,NA,NA,NA,NA
adrb2_454200,NA,NA,NA,NA,NA
adrb2_454400,NA,NA,NA,NA,NA
adrb2_454600,NA,NA,NA,NA,NA
adrb2_454800,NA,NA,NA,NA,NA
adrb2_455000,NA,NA,NA,NA,NA
adrb2_455200,NA,NA,NA,NA,NA
adrb2_455400,NA,NA,NA,NA,NA
adrb2_455600,NA,NA,NA,NA,NA
adrb2_455800,NA,NA,NA,NA,NA
adrb2_456000,NA,NA,NA,NA,NA
adrb2_456200,NA,NA,NA,NA,NA
adrb2_456400,NA,NA,NA,NA,NA
adrb2_456600,NA,NA,NA,NA,NA
adrb2_456800,NA,NA,NA,NA,NA
adrb2_457000,NA,NA,NA,NA,NA
adrb2_457200,NA,NA,NA,NA,NA
adrb2_457400,NA,NA,NA,NA,NA
adrb2_457600,NA,NA,NA,NA,NA
adrb2_457800,NA,NA,NA,NA,NA
adrb2_458000,NA,NA,NA,NA,NA
adrb2_458200,NA,NA,NA,NA,NA
adrb2_458400,NA,NA,NA,NA,NA
adrb2_458600,NA,NA,NA,NA,NA
adrb2_458800,NA,NA,NA,NA,NA
adrb2_459000,NA,NA,NA,NA,NA
adrb2_459200,NA,NA,NA,NA,NA
adrb2_459400,2,7,(39),(65),Y
adrb2_459600,NA,NA,NA,NA,NA
adrb2_459800,NA,NA,NA,NA,NA
adrb2_460000,NA,NA,NA,NA,NA
adrb2_460200,NA,NA,NA,NA,NA
adrb2_460400,NA,NA,NA,NA,NA
adrb2_460600,NA,NA,NA,NA,NA
adrb2_460800,0,2,30,(63),Y
adrb2_461000,NA,NA,NA,NA,NA
adrb2_461200,NA,NA,NA,NA,NA
adrb2_461400,NA,NA,NA,NA,NA
adrb2_461600,NA,NA,NA,NA,NA
adrb2_461800,NA,NA,NA,NA,NA
adrb2_462000,NA,NA,NA,NA,NA
adrb2_462200,1,3,(38),(65),Y
adrb2_462400,NA,NA,NA,NA,NA
adrb2_462600,NA,NA,NA,NA,NA
adrb2_462800,NA,NA,NA,NA,NA
adrb2_463000,NA,NA,NA,NA,NA
adrb2_463200,NA,NA,NA,NA,NA
adrb2_463400,NA,NA,NA,NA,NA
adrb2_463600,NA,NA,NA,NA,NA
adrb2_463800,NA,NA,NA,NA,NA
adrb2_464000,NA,NA,NA,NA,NA
adrb2_464200,NA,NA,NA,NA,NA
adrb2_464400,NA,NA,NA,NA,NA
adrb2_464600,NA,NA,NA,NA,NA
adrb2_464800,NA,NA,NA,NA,NA
adrb2_465000,NA,NA,NA,NA,NA
adrb2_465200,NA,NA,NA,NA,NA
adrb2_465400,4,(11),(40),(66),Y
adrb2_465600,NA,NA,NA,NA,NA
adrb2_465800,NA,NA,NA,NA,NA
adrb2_466000,NA,NA,NA,NA,NA
adrb2_466200,(8),(12),26,48,Y
adrb2_466400,NA,NA,NA,NA,NA
adrb2_466600,NA,NA,NA,NA,NA
adrb2_466800,NA,NA,NA,NA,NA
adrb2_467000,NA,NA,NA,NA,NA
adrb2_467200,1,10,34,(69),Y
adrb2_467400,NA,NA,NA,NA,NA
adrb2_467600,NA,NA,NA,NA,NA
adrb2_467800,NA,NA,NA,NA,NA
adrb2_468000,NA,NA,NA,NA,NA
adrb2_468200,NA,NA,NA,NA,NA
adrb2_468400,NA,NA,NA,NA,NA
adrb2_468600,NA,NA,NA,NA,NA
adrb2_468800,NA,NA,NA,NA,NA
adrb2_469000,NA,NA,NA,NA,NA
adrb2_469200,NA,NA,NA,NA,NA
adrb2_469400,NA,NA,NA,NA,NA
adrb2_469600,NA,NA,NA,NA,NA
adrb2_469800,NA,NA,NA,NA,NA
adrb2_470000,NA,NA,NA,NA,NA
adrb2_470200,NA,NA,NA,NA,NA
adrb2_470400,2,4,(53),(94),Y
adrb2_470600,NA,NA,NA,NA,NA
adrb2_470800,NA,NA,NA,NA,NA
adrb2_471000,NA,NA,NA,NA,NA
adrb2_471200,NA,NA,NA,NA,NA
adrb2_471400,4,7,34,(63),Y
adrb2_471600,NA,NA,NA,NA,NA
adrb2_471800,NA,NA,NA,NA,NA
adrb2_472000,NA,NA,NA,NA,NA
adrb2_472200,NA,NA,NA,NA,NA
adrb2_472400,NA,NA,NA,NA,NA
adrb2_472600,NA,NA,NA,NA,NA
adrb2_472800,3,7,(40),(73),Y
adrb2_473000,NA,NA,NA,NA,NA
adrb2_473200,NA,NA,NA,NA,NA
adrb2_473400,NA,NA,NA,NA,NA
adrb2_473600,NA,NA,NA,NA,NA
adrb2_473800,NA,NA,NA,NA,NA
adrb2_474000,NA,NA,NA,NA,NA
adrb2_474200,NA,NA,NA,NA,NA
adrb2_474400,NA,NA,NA,NA,NA
adrb2_474600,NA,NA,NA,NA,NA
adrb2_474800,NA,NA,NA,NA,NA
adrb2_475000,NA,NA,NA,NA,NA
adrb2_475200,NA,NA,NA,NA,NA
adrb2_475400,NA,NA,NA,NA,NA
adrb2_475600,NA,NA,NA,NA,NA
adrb2_475800,NA,NA,NA,NA,NA
adrb2_476000,NA,NA,NA,NA,NA
adrb2_476200,NA,NA,NA,NA,NA
adrb2_476400,NA,NA,NA,NA,NA
adrb2_476600,NA,NA,NA,NA,NA
adrb2_476800,NA,NA,NA,NA,NA
adrb2_477000,NA,NA,NA,NA,NA
adrb2_477200,NA,NA,NA,NA,NA
adrb2_477400,NA,NA,NA,NA,NA
adrb2_477600,NA,NA,NA,NA,NA
adrb2_477800,NA,NA,NA,NA,NA
adrb2_478000,NA,NA,NA,NA,NA
adrb2_478200,NA,NA,NA,NA,NA
adrb2_478400,NA,NA,NA,NA,NA
adrb2_478600,NA,NA,NA,NA,NA
adrb2_478800,3,9,(38),57,Y
adrb2_479000,NA,NA,NA,NA,NA
adrb2_479200,NA,NA,NA,NA,NA
adrb2_479400,NA,NA,NA,NA,NA
adrb2_479600,NA,NA,NA,NA,NA
adrb2_479800,NA,NA,NA,NA,NA
adrb2_480000,NA,NA,NA,NA,NA
adrb2_480200,NA,NA,NA,NA,NA
adrb2_480400,NA,NA,NA,NA,NA
adrb2_480600,NA,NA,NA,NA,NA
adrb2_480800,NA,NA,NA,NA,NA
adrb2_481000,NA,NA,NA,NA,NA
adrb2_481200,NA,NA,NA,NA,NA
adrb2_481400,NA,NA,NA,NA,NA
adrb2_481600,NA,NA,NA,NA,NA
adrb2_481800,NA,NA,NA,NA,NA
adrb2_482000,NA,NA,NA,NA,NA
adrb2_482200,NA,NA,NA,NA,NA
adrb2_482400,NA,NA,NA,NA,NA
adrb2_482600,NA,NA,NA,NA,NA
adrb2_482800,NA,NA,NA,NA,NA
adrb2_483000,NA,NA,NA,NA,NA
adrb2_483200,NA,NA,NA,NA,NA
adrb2_483400,1,3,31,(67),Y
adrb2_483600,NA,NA,NA,NA,NA
adrb2_483800,NA,NA,NA,NA,NA
adrb2_484000,NA,NA,NA,NA,NA
adrb2_484200,NA,NA,NA,NA,NA
adrb2_484400,NA,NA,NA,NA,NA
adrb2_484600,NA,NA,NA,NA,NA
adrb2_484800,NA,NA,NA,NA,NA
adrb2_485000,4,6,28,(66),Y
adrb2_485200,NA,NA,NA,NA,NA
adrb2_485400,NA,NA,NA,NA,NA
adrb2_485600,NA,NA,NA,NA,NA
adrb2_485800,NA,NA,NA,NA,NA
adrb2_486000,NA,NA,NA,NA,NA
adrb2_486200,NA,NA,NA,NA,NA
adrb2_486400,NA,NA,NA,NA,NA
adrb2_486600,NA,NA,NA,NA,NA
adrb2_486800,NA,NA,NA,NA,NA
adrb2_487000,NA,NA,NA,NA,NA
adrb2_487200,NA,NA,NA,NA,NA
adrb2_487400,NA,NA,NA,NA,NA
adrb2_487600,NA,NA,NA,NA,NA
adrb2_487800,NA,NA,NA,NA,NA
adrb2_488000,NA,NA,NA,NA,NA
adrb2_488200,NA,NA,NA,NA,NA
adrb2_488400,NA,NA,NA,NA,NA
adrb2_488800,NA,NA,NA,NA,NA
adrb2_489000,NA,NA,NA,NA,NA
adrb2_489200,NA,NA,NA,NA,NA
adrb2_489600,NA,NA,NA,NA,NA
adrb2_489800,NA,NA,NA,NA,NA
adrb2_490000,NA,NA,NA,NA,NA
adrb2_490200,NA,NA,NA,NA,NA
adrb2_490400,NA,NA,NA,NA,NA
adrb2_490600,NA,NA,NA,NA,NA
adrb2_490800,NA,NA,NA,NA,NA
adrb2_491000,NA,NA,NA,NA,NA
adrb2_491200,NA,NA,NA,NA,NA
adrb2_491400,NA,NA,NA,NA,NA
adrb2_491600,NA,NA,NA,NA,NA
adrb2_491800,NA,NA,NA,NA,NA
adrb2_492000,NA,NA,NA,NA,NA
adrb2_492200,NA,NA,NA,NA,NA
adrb2_492400,NA,NA,NA,NA,NA
adrb2_492600,NA,NA,NA,NA,NA
adrb2_492800,NA,NA,NA,NA,NA
adrb2_493000,NA,NA,NA,NA,NA
adrb2_493200,NA,NA,NA,NA,NA
adrb2_493400,NA,NA,NA,NA,NA
adrb2_493600,5,(12),(36),(75),Y
adrb2_493800,NA,NA,NA,NA,NA
adrb2_494000,NA,NA,NA,NA,NA
adrb2_494200,NA,NA,NA,NA,NA
adrb2_494400,NA,NA,NA,NA,NA
adrb2_494600,NA,NA,NA,NA,NA
adrb2_494800,NA,NA,NA,NA,NA
adrb2_495000,NA,NA,NA,NA,NA
adrb2_495200,NA,NA,NA,NA,NA
adrb2_495400,1,7,(65),(107),Y
adrb2_495600,NA,NA,NA,NA,NA
adrb2_495800,NA,NA,NA,NA,NA
adrb2_496000,NA,NA,NA,NA,NA
adrb2_496200,NA,NA,NA,NA,NA
adrb2_496400,3,6,32,(66),Y
adrb2_496600,NA,NA,NA,NA,NA
adrb2_496800,NA,NA,NA,NA,NA
adrb2_497000,NA,NA,NA,NA,NA
adrb2_497200,NA,NA,NA,NA,NA
adrb2_497400,NA,NA,NA,NA,NA
adrb2_497600,NA,NA,NA,NA,NA
adrb2_497800,NA,NA,NA,NA,NA
adrb2_498000,NA,NA,NA,NA,NA
adrb2_498200,NA,NA,NA,NA,NA
adrb2_498400,NA,NA,NA,NA,NA
adrb2_498600,NA,NA,NA,NA,NA
adrb2_498800,NA,NA,NA,NA,NA
adrb2_499000,NA,NA,NA,NA,NA
adrb2_499200,NA,NA,NA,NA,NA
adrb2_499400,NA,NA,NA,NA,NA
adrb2_499600,3,5,(40),(70),Y
adrb2_499800,NA,NA,NA,NA,NA
adrb2_500000,NA,NA,NA,NA,NA
adrb2_500200,NA,NA,NA,NA,NA
adrb2_500400,NA,NA,NA,NA,NA
adrb2_500600,NA,NA,NA,NA,NA
adrb2_500800,NA,NA,NA,NA,NA
adrb2_501000,NA,NA,NA,NA,NA
adrb2_501200,NA,NA,NA,NA,NA
adrb2_501400,NA,NA,NA,NA,NA
adrb2_501600,NA,NA,NA,NA,NA
adrb2_501800,NA,NA,NA,NA,NA
adrb2_502000,NA,NA,NA,NA,NA
adrb2_502200,NA,NA,NA,NA,NA
adrb2_502400,NA,NA,NA,NA,NA
adrb2_502600,NA,NA,NA,NA,NA
adrb2_502800,NA,NA,NA,NA,NA
adrb2_503000,NA,NA,NA,NA,NA
adrb2_503200,NA,NA,NA,NA,NA
adrb2_503400,NA,NA,NA,NA,NA
adrb2_503600,NA,NA,NA,NA,NA
adrb2_503800,2,4,(35),(69),Y
adrb2_504000,NA,NA,NA,NA,NA
adrb2_504200,NA,NA,NA,NA,NA
adrb2_504400,NA,NA,NA,NA,NA
adrb2_504600,NA,NA,NA,NA,NA
adrb2_504800,NA,NA,NA,NA,NA
adrb2_505000,NA,NA,NA,NA,NA
adrb2_505200,NA,NA,NA,NA,NA
adrb2_505400,NA,NA,NA,NA,NA
adrb2_505600,NA,NA,NA,NA,NA
adrb2_505800,NA,NA,NA,NA,NA
adrb2_506000,0,1,32,(79),Y
adrb2_506200,NA,NA,NA,NA,NA
adrb2_506400,NA,NA,NA,NA,NA
adrb2_506600,NA,NA,NA,NA,NA
adrb2_506800,NA,NA,NA,NA,NA
adrb2_507000,NA,NA,NA,NA,NA
adrb2_507200,NA,NA,NA,NA,NA
adrb2_507400,NA,NA,NA,NA,NA
adrb2_507600,NA,NA,NA,NA,NA
adrb2_507800,NA,NA,NA,NA,NA
adrb2_508000,0,6,(43),(73),Y
adrb2_508200,NA,NA,NA,NA,NA
adrb2_508400,NA,NA,NA,NA,NA
adrb2_508600,NA,NA,NA,NA,NA
adrb2_508800,NA,NA,NA,NA,NA
adrb2_509000,NA,NA,NA,NA,NA
adrb2_509200,NA,NA,NA,NA,NA
adrb2_509400,NA,NA,NA,NA,NA
adrb2_509600,NA,NA,NA,NA,NA
adrb2_509800,NA,NA,NA,NA,NA
adrb2_510000,NA,NA,NA,NA,NA
adrb2_510200,NA,NA,NA,NA,NA
adrb2_510400,NA,NA,NA,NA,NA
adrb2_510600,NA,NA,NA,NA,NA
adrb2_510800,NA,NA,NA,NA,NA
adrb2_511000,NA,NA,NA,NA,NA
adrb2_511200,NA,NA,NA,NA,NA
adrb2_511400,NA,NA,NA,NA,NA
adrb2_511600,NA,NA,NA,NA,NA
adrb2_511800,NA,NA,NA,NA,NA
adrb2_512000,NA,NA,NA,NA,NA
adrb2_512200,NA,NA,NA,NA,NA
adrb2_512400,NA,NA,NA,NA,NA
adrb2_512600,NA,NA,NA,NA,NA
adrb2_512800,NA,NA,NA,NA,NA
adrb2_513000,NA,NA,NA,NA,NA
adrb2_513200,NA,NA,NA,NA,NA
adrb2_513400,NA,NA,NA,NA,NA
adrb2_513600,NA,NA,NA,NA,NA
adrb2_513800,NA,NA,NA,NA,NA
adrb2_514000,NA,NA,NA,NA,NA
adrb2_514200,NA,NA,NA,NA,NA
adrb2_514400,NA,NA,NA,NA,NA
adrb2_514600,NA,NA,NA,NA,NA
adrb2_514800,NA,NA,NA,NA,NA
adrb2_515000,NA,NA,NA,NA,NA
adrb2_515200,NA,NA,NA,NA,NA
adrb2_515400,NA,NA,NA,NA,NA
adrb2_515600,NA,NA,NA,NA,NA
adrb2_515800,NA,NA,NA,NA,NA
adrb2_516000,NA,NA,NA,NA,NA
adrb2_516200,NA,NA,NA,NA,NA
adrb2_516400,NA,NA,NA,NA,NA
adrb2_516600,NA,NA,NA,NA,NA
adrb2_516800,NA,NA,NA,NA,NA
adrb2_517000,NA,NA,NA,NA,NA
adrb2_517200,NA,NA,NA,NA,NA
adrb2_517400,NA,NA,NA,NA,NA
adrb2_517600,NA,NA,NA,NA,NA
adrb2_517800,NA,NA,NA,NA,NA
adrb2_518000,NA,NA,NA,NA,NA
adrb2_518200,2,3,(36),(70),Y
adrb2_518400,NA,NA,NA,NA,NA
adrb2_518600,NA,NA,NA,NA,NA
adrb2_518800,NA,NA,NA,NA,NA
adrb2_519000,NA,NA,NA,NA,NA
adrb2_519200,NA,NA,NA,NA,NA
adrb2_519400,NA,NA,NA,NA,NA
adrb2_519600,NA,NA,NA,NA,NA
adrb2_519800,NA,NA,NA,NA,NA
adrb2_520000,3,3,26,(64),Y
adrb2_520200,NA,NA,NA,NA,NA
adrb2_520400,NA,NA,NA,NA,NA
adrb2_520600,NA,NA,NA,NA,NA
adrb2_520800,NA,NA,NA,NA,NA
adrb2_521000,NA,NA,NA,NA,NA
adrb2_521200,NA,NA,NA,NA,NA
adrb2_521400,NA,NA,NA,NA,NA
adrb2_521600,NA,NA,NA,NA,NA
adrb2_521800,NA,NA,NA,NA,NA
adrb2_522000,NA,NA,NA,NA,NA
adrb2_522200,NA,NA,NA,NA,NA
adrb2_522400,NA,NA,NA,NA,NA
adrb2_522600,NA,NA,NA,NA,NA
adrb2_522800,NA,NA,NA,NA,NA
adrb2_523000,NA,NA,NA,NA,NA
adrb2_523200,NA,NA,NA,NA,NA
adrb2_523400,NA,NA,NA,NA,NA
adrb2_523600,NA,NA,NA,NA,NA
adrb2_523800,NA,NA,NA,NA,NA
adrb2_524000,NA,NA,NA,NA,NA
adrb2_524200,NA,NA,NA,NA,NA
adrb2_524400,NA,NA,NA,NA,NA
adrb2_524600,NA,NA,NA,NA,NA
adrb2_524800,NA,NA,NA,NA,NA
adrb2_525000,NA,NA,NA,NA,NA
adrb2_525200,NA,NA,NA,NA,NA
adrb2_525400,NA,NA,NA,NA,NA
adrb2_525600,NA,NA,NA,NA,NA
adrb2_525800,NA,NA,NA,NA,NA
adrb2_526000,NA,NA,NA,NA,NA
adrb2_526200,NA,NA,NA,NA,NA
adrb2_526400,NA,NA,NA,NA,NA
adrb2_526600,NA,NA,NA,NA,NA
adrb2_526800,NA,NA,NA,NA,NA
adrb2_527000,NA,NA,NA,NA,NA
adrb2_527200,NA,NA,NA,NA,NA
adrb2_527400,NA,NA,NA,NA,NA
adrb2_527600,NA,NA,NA,NA,NA
adrb2_527800,1,4,(50),(88),Y
adrb2_528000,NA,NA,NA,NA,NA
adrb2_528400,NA,NA,NA,NA,NA
adrb2_528600,NA,NA,NA,NA,NA
adrb2_528800,NA,NA,NA,NA,NA
adrb2_529000,NA,NA,NA,NA,NA
adrb2_529200,NA,NA,NA,NA,NA
adrb2_529400,1,1,34,(73),Y
adrb2_529600,NA,NA,NA,NA,NA
adrb2_529800,NA,NA,NA,NA,NA
adrb2_530000,NA,NA,NA,NA,NA
adrb2_530200,NA,NA,NA,NA,NA
adrb2_530400,NA,NA,NA,NA,NA
adrb2_530600,NA,NA,NA,NA,NA
adrb2_530800,NA,NA,NA,NA,NA
adrb2_531000,NA,NA,NA,NA,NA
adrb2_531200,NA,NA,NA,NA,NA
adrb2_531400,NA,NA,NA,NA,NA
adrb2_531600,NA,NA,NA,NA,NA
adrb2_531800,NA,NA,NA,NA,NA
adrb2_532000,NA,NA,NA,NA,NA
adrb2_532200,NA,NA,NA,NA,NA
adrb2_532400,NA,NA,NA,NA,NA
adrb2_532600,NA,NA,NA,NA,NA
adrb2_532800,NA,NA,NA,NA,NA
adrb2_533000,NA,NA,NA,NA,NA
adrb2_533200,NA,NA,NA,NA,NA
adrb2_533400,NA,NA,NA,NA,NA
adrb2_533600,NA,NA,NA,NA,NA
adrb2_533800,NA,NA,NA,NA,NA
adrb2_534000,NA,NA,NA,NA,NA
adrb2_534200,NA,NA,NA,NA,NA
adrb2_534400,NA,NA,NA,NA,NA
adrb2_534600,NA,NA,NA,NA,NA
adrb2_534800,NA,NA,NA,NA,NA
adrb2_535000,NA,NA,NA,NA,NA
adrb2_535200,NA,NA,NA,NA,NA
adrb2_535400,NA,NA,NA,NA,NA
adrb2_535600,NA,NA,NA,NA,NA
adrb2_535800,NA,NA,NA,NA,NA
adrb2_536000,NA,NA,NA,NA,NA
adrb2_536200,NA,NA,NA,NA,NA
adrb2_536400,NA,NA,NA,NA,NA
adrb2_536600,NA,NA,NA,NA,NA
adrb2_536800,NA,NA,NA,NA,NA
adrb2_537000,NA,NA,NA,NA,NA
adrb2_537200,NA,NA,NA,NA,NA
adrb2_537400,NA,NA,NA,NA,NA
adrb2_537600,NA,NA,NA,NA,NA
adrb2_537800,NA,NA,NA,NA,NA
adrb2_538000,NA,NA,NA,NA,NA
adrb2_538200,NA,NA,NA,NA,NA
adrb2_538400,NA,NA,NA,NA,NA
adrb2_538600,NA,NA,NA,NA,NA
adrb2_539200,NA,NA,NA,NA,NA
adrb2_539400,NA,NA,NA,NA,NA
adrb2_539600,NA,NA,NA,NA,NA
adrb2_539800,NA,NA,NA,NA,NA
adrb2_540200,NA,NA,NA,NA,NA
adrb2_540400,NA,NA,NA,NA,NA
adrb2_540600,NA,NA,NA,NA,NA
adrb2_541000,NA,NA,NA,NA,NA
adrb2_541200,NA,NA,NA,NA,NA
adrb2_541600,NA,NA,NA,NA,NA
adrb2_541800,NA,NA,NA,NA,NA
adrb2_542000,NA,NA,NA,NA,NA
adrb2_544000,NA,NA,NA,NA,NA
adrb2_545400,NA,NA,NA,NA,NA
adrb2_547600,NA,NA,NA,NA,NA
adrb2_548000,NA,NA,NA,NA,NA
adrb2_548200,NA,NA,NA,NA,NA
adrb2_549000,NA,NA,NA,NA,NA
adrb2_549400,NA,NA,NA,NA,NA
adrb2_550000,NA,NA,NA,NA,NA
adrb2_551200,NA,NA,NA,NA,NA
adrb2_552000,NA,NA,NA,NA,NA
adrb2_552600,NA,NA,NA,NA,NA
adrb2_552800,5,(11),26,38,Y
adrb2_553000,NA,NA,NA,NA,NA
adrb2_554400,NA,NA,NA,NA,NA
adrb2_560000,NA,NA,NA,NA,NA
adrb2_560600,NA,NA,NA,NA,NA
adrb2_567000,NA,NA,NA,NA,NA
adrb2_567400,NA,NA,NA,NA,NA
adrb2_568200,NA,NA,NA,NA,NA
adrb2_568400,NA,NA,NA,NA,NA
adrb2_568600,NA,NA,NA,NA,NA
adrb2_569800,NA,NA,NA,NA,NA
adrb2_571800,NA,NA,NA,NA,NA
adrb2_572400,NA,NA,NA,NA,NA
adrb2_572600,NA,NA,NA,NA,NA
adrb2_573800,NA,NA,NA,NA,NA
adrb2_575600,NA,NA,NA,NA,NA
adrb2_576000,NA,NA,NA,NA,NA
adrb2_576400,NA,NA,NA,NA,NA
adrb2_576600,NA,NA,NA,NA,NA
adrb2_577400,NA,NA,NA,NA,NA
adrb2_577600,NA,NA,NA,NA,NA
adrb2_581200,NA,NA,NA,NA,NA
adrb2_582000,NA,NA,NA,NA,NA
adrb2_582600,NA,NA,NA,NA,NA
adrb2_583000,NA,NA,NA,NA,NA
adrb2_583600,NA,NA,NA,NA,NA
adrb2_584800,NA,NA,NA,NA,NA
adrb2_586000,NA,NA,NA,NA,NA
adrb2_586600,NA,NA,NA,NA,NA
adrb2_590000,NA,NA,NA,NA,NA
adrb2_594600,NA,NA,NA,NA,NA
adrb2_596400,NA,NA,NA,NA,NA
adrb2_596600,0,2,(38),(72),Y
adrb2_596800,NA,NA,NA,NA,NA
adrb2_597400,NA,NA,NA,NA,NA
adrb2_597600,NA,NA,NA,NA,NA
adrb2_598000,NA,NA,NA,NA,NA
adrb2_598600,NA,NA,NA,NA,NA
adrb2_598800,NA,NA,NA,NA,NA
adrb2_600000,NA,NA,NA,NA,NA
adrb2_600200,NA,NA,NA,NA,NA
adrb2_600400,NA,NA,NA,NA,NA
adrb2_600600,NA,NA,NA,NA,NA
adrb2_600800,NA,NA,NA,NA,NA
adrb2_601000,NA,NA,NA,NA,NA
adrb2_601200,NA,NA,NA,NA,NA
adrb2_601400,NA,NA,NA,NA,NA
adrb2_601600,NA,NA,NA,NA,NA
adrb2_601800,NA,NA,NA,NA,NA
adrb2_602000,NA,NA,NA,NA,NA
adrb2_602200,NA,NA,NA,NA,NA
adrb2_602400,NA,NA,NA,NA,NA
adrb2_602600,NA,NA,NA,NA,NA
adrb2_602800,NA,NA,NA,NA,NA
adrb2_603000,NA,NA,NA,NA,NA
adrb2_603200,NA,NA,NA,NA,NA
adrb2_603400,NA,NA,NA,NA,NA
adrb2_603600,NA,NA,NA,NA,NA
adrb2_603800,NA,NA,NA,NA,NA
adrb2_604000,NA,NA,NA,NA,NA
adrb2_604200,NA,NA,NA,NA,NA
adrb2_604400,NA,NA,NA,NA,NA
adrb2_604600,NA,NA,NA,NA,NA
adrb2_604800,NA,NA,NA,NA,NA
adrb2_606000,NA,NA,NA,NA,NA
adrb2_607000,NA,NA,NA,NA,NA
adrb2_608000,NA,NA,NA,NA,NA
adrb2_608400,NA,NA,NA,NA,NA
adrb2_610000,NA,NA,NA,NA,NA
adrb2_611000,NA,NA,NA,NA,NA
adrb2_612000,NA,NA,NA,NA,NA
adrb2_613000,NA,NA,NA,NA,NA
adrb2_614000,NA,NA,NA,NA,NA
adrb2_615000,NA,NA,NA,NA,NA
adrb2_616000,NA,NA,NA,NA,NA
adrb2_617000,NA,NA,NA,NA,NA
adrb2_618000,NA,NA,NA,NA,NA
adrb2_619000,NA,NA,NA,NA,NA
adrb2_620000,NA,NA,NA,NA,NA
adrb2_621000,NA,NA,NA,NA,NA
adrb2_622000,NA,NA,NA,NA,NA
adrb2_623000,NA,NA,NA,NA,NA
adrb2_624000,NA,NA,NA,NA,NA
adrb2_625000,NA,NA,NA,NA,NA
adrb2_626000,NA,NA,NA,NA,NA
adrb2_627000,NA,NA,NA,NA,NA
adrb2_628000,NA,NA,NA,NA,NA
adrb2_629000,NA,NA,NA,NA,NA
adrb2_630000,NA,NA,NA,NA,NA
adrb2_631000,NA,NA,NA,NA,NA
adrb2_631200,NA,NA,NA,NA,NA
adrb2_632000,NA,NA,NA,NA,NA
adrb2_633000,NA,NA,NA,NA,NA
adrb2_634000,NA,NA,NA,NA,NA
adrb2_635000,NA,NA,NA,NA,NA
adrb2_636000,NA,NA,NA,NA,NA
adrb2_637000,NA,NA,NA,NA,NA
adrb2_638000,NA,NA,NA,NA,NA
adrb2_639000,NA,NA,NA,NA,NA
adrb2_640000,NA,NA,NA,NA,NA
adrb2_641000,NA,NA,NA,NA,NA
adrb2_641200,NA,NA,NA,NA,NA
adrb2_642000,NA,NA,NA,NA,NA
adrb2_643000,NA,NA,NA,NA,NA
adrb2_644000,NA,NA,NA,NA,NA
adrb2_645000,NA,NA,NA,NA,NA
adrb2_646000,NA,NA,NA,NA,NA
adrb2_647000,NA,NA,NA,NA,NA
adrb2_647400,NA,NA,NA,NA,NA
adrb2_648000,NA,NA,NA,NA,NA
adrb2_649000,NA,NA,NA,NA,NA
adrb2_650000,NA,NA,NA,NA,NA
adrb2_651000,NA,NA,NA,NA,NA
adrb2_652000,NA,NA,NA,NA,NA
adrb2_653000,NA,NA,NA,NA,NA
adrb2_654000,NA,NA,NA,NA,NA
adrb2_655000,NA,NA,NA,NA,NA
adrb2_656000,NA,NA,NA,NA,NA
adrb2_657000,NA,NA,NA,NA,NA
adrb2_658000,NA,NA,NA,NA,NA
adrb2_659000,NA,NA,NA,NA,NA
adrb2_660000,NA,NA,NA,NA,NA
adrb2_661000,NA,NA,NA,NA,NA
adrb2_662000,NA,NA,NA,NA,NA
adrb2_663000,NA,NA,NA,NA,NA
adrb2_664000,NA,NA,NA,NA,NA
adrb2_665000,NA,NA,NA,NA,NA
adrb2_666000,NA,NA,NA,NA,NA
adrb2_667000,NA,NA,NA,NA,NA
adrb2_668000,NA,NA,NA,NA,NA
adrb2_669000,NA,NA,NA,NA,NA
adrb2_670000,NA,NA,NA,NA,NA
adrb2_671000,NA,NA,NA,NA,NA
adrb2_672000,NA,NA,NA,NA,NA
adrb2_673000,NA,NA,NA,NA,NA
adrb2_674000,NA,NA,NA,NA,NA
adrb2_675000,NA,NA,NA,NA,NA
adrb2_677000,NA,NA,NA,NA,NA
adrb2_678000,NA,NA,NA,NA,NA
adrb2_679000,NA,NA,NA,NA,NA
adrb2_680000,NA,NA,NA,NA,NA
adrb2_681000,NA,NA,NA,NA,NA
adrb2_682000,NA,NA,NA,NA,NA
adrb2_683000,NA,NA,NA,NA,NA
adrb2_684000,NA,NA,NA,NA,NA
adrb2_685000,NA,NA,NA,NA,NA
adrb2_686000,NA,NA,NA,NA,NA
adrb2_687000,NA,NA,NA,NA,NA
adrb2_688000,NA,NA,NA,NA,NA
adrb2_689000,NA,NA,NA,NA,NA
adrb2_690000,NA,NA,NA,NA,NA
adrb2_691000,NA,NA,NA,NA,NA
adrb2_692000,NA,NA,NA,NA,NA
adrb2_693000,NA,NA,NA,NA,NA
adrb2_694000,NA,NA,NA,NA,NA
adrb2_695000,NA,NA,NA,NA,NA
adrb2_696000,NA,NA,NA,NA,NA
adrb2_697000,NA,NA,NA,NA,NA
adrb2_698000,NA,NA,NA,NA,NA
adrb2_699000,NA,NA,NA,NA,NA
